џ"ГыЕх ID","СЄЗљМвЙјШЃ","СЄЗљМвИэ","XСТЧЅ","YСТЧЅ","СЄЗљМв ХИРд"
"02919","102000322","М­ПяПЊ","126.972535","37.553928","РЯЙнТїЗЮ"
"03001","102000001","ЧбА­ДыБГКЯДм.LGРЏЧУЗЏНК","126.9631209528","37.5240499441","СпОгТїЗЮ"
"03002","102000002","ЧбА­ДыБГКЯДм.LGРЏЧУЗЏНК","126.9631848403","37.5243060629","СпОгТїЗЮ"
"03003","102000003","НХПыЛъПЊ","126.966207","37.527293","СпОгТїЗЮ"
"03004","102000004","НХПыЛъПЊ","126.9666192358","37.527920489","СпОгТїЗЮ"
"03005","102000005","ПыЛъПьУМБЙ","126.9702350163","37.5314970129","СпОгТїЗЮ"
"03006","102000006","ПыЛъПьУМБЙ","126.9705640624","37.5320503694","СпОгТїЗЮ"
"03007","102000007","ЛяАЂСіПЊ.РќРяБтГфАќ","126.9736858311","37.5351801399","СпОгТїЗЮ"
"03008","102000008","ЛяАЂСіПЊ.РќРяБтГфАќ","126.9741608708","37.5359845015","СпОгТїЗЮ"
"03009","102000009","МїДыРдБИПЊ","126.9725377982","37.543295633","СпОгТїЗЮ"
"03010","102000010","МїДыРдБИПЊ","126.9722320769","37.5437560216","СпОгТїЗЮ"
"03011","102000011","АЅПљЕП","126.9722373211","37.5509755993","СпОгТїЗЮ"
"03012","102000012","АЅПљЕП","126.9717081909","37.5495337218","СпОгТїЗЮ"
"03110","102000018","ГВПЕПЊ.ЙЮСжШ­ПюЕПБтГфАќ","126.9719271804","37.542006922","РЯЙнТїЗЮ"
"03111","102000019","ГВПЕПЊ.ЙЮСжШ­ПюЕПБтГфАќ","126.972069","37.541823","РЯЙнТїЗЮ"
"03119","102000026","НХПыЛъПЊ3ЙјУтБИ","126.9673497525","37.5288895698","РЯЙнТїЗЮ"
"03120","102000317","М­ПяЕхЗЁАяНУЦМ","126.9630603924","37.5321566887","РЯЙнТїЗЮ"
"03121","102000318","ПыЛъПЊ3ЙјУтБИ.ПыЛъТїАэСі","126.9642145682","37.5318079061","РЯЙнТїЗЮ"
"03122","102000029","ЧбА­ДыБГКЯДм","126.963570714","37.5249689864","РЯЙнТїЗЮ"
"03124","102000030","М­АшЕП.М­ПяПЊАјЧзУЖЕЕ15ЙјУтБИ","126.9693404702","37.5524743044","РЯЙнТїЗЮ"
"03125","102000031","М­АшЕП","126.969221961","37.5516704971","РЯЙнТїЗЮ"
"03126","102000032","УЛЦФЕП","126.9701219815","37.5489916168","РЯЙнТїЗЮ"
"03127","102000033","УЛЦФНУРх","126.9698626298","37.548679027","РЯЙнТїЗЮ"
"03128","102000034","МїДыРдБИПЊ.УЛЦФЕПСжЙЮМОХЭ","126.9707772395","37.5453812474","РЯЙнТїЗЮ"
"03129","102000035","МїДыРдБИПЊ.УЛЦФЕПСжЙЮМОХЭ","126.9704188578","37.5454861572","РЯЙнТїЗЮ"
"03130","102000036","ГВПЕПЊ.ЙЮСжШ­ПюЕПБтГфАќ","126.971032","37.540813","РЯЙнТїЗЮ"
"03131","102000037","ГВПЕПЊ.ЙЮСжШ­ПюЕПБтГфАќ","126.9706761392","37.5405702704","РЯЙнТїЗЮ"
"03132","102000038","ПыЛъРќРкЛѓАЁ17ЕП","126.9660271002","37.5337792589","РЯЙнТїЗЮ"
"03133","102000039","ПыЛъРќРкЛѓАЁ19ЕП","126.9657072039","37.5335134935","РЯЙнТїЗЮ"
"03134","102000040","ПыЛъРќРкЛѓАЁ10ЕП","126.9619640523","37.5332725045","РЯЙнТїЗЮ"
"03135","102000041","ПыЛъРќРкЛѓАЁ12ЕП","126.9621689745","37.5330574076","РЯЙнТїЗЮ"
"03136","102000042","ПыЛъРќРкЛѓАЁ.РќРкЗЃЕх","126.9583252146","37.5327790559","РЯЙнТїЗЮ"
"03137","102000043","ПыЛъРќРкЛѓАЁ.РќРкЗЃЕх","126.9583363743","37.5330561177","РЯЙнТїЗЮ"
"03138","102000044","ПјШПДыБГКЯДм","126.956110982","37.5319853728","РЯЙнТїЗЮ"
"03139","102000045","ПыЛъАцТћМ­","126.9691858135","37.5405032098","АЁЗЮКЏНУАЃ"
"03140","102000046","ПыЛъАцТћМ­","126.9690615428","37.5399994643","АЁЗЮКЏНУАЃ"
"03141","102000047","ПыЛъВоГЊЙЋСОЧеХИПю.ПјШПЗЮПьУМБЙ","126.9669290534","37.5386139009","АЁЗЮКЏНУАЃ"
"03142","102000048","ПыЛъeЦэЧбММЛѓ","126.9654677888","37.5374620591","АЁЗЮКЏРќРЯ"
"03143","102000049","ГВСЄУЪЕюЧаБГ","126.9636632444","37.5363187485","АЁЗЮКЏНУАЃ"
"03144","102000050","ПјШПЗЮ2АЁ","126.9629911361","37.536237441","АЁЗЮКЏРќРЯ"
"03145","102000051","ПјШПЗЮ2АЁЛчАХИЎ","126.9610704217","37.5349338369","АЁЗЮКЏНУАЃ"
"03146","102000052","ПјШПЗЮ3АЁ","126.9581798302","37.5340407624","АЁЗЮКЏНУАЃ"
"03147","102000053","ПјШПЗЮ3АЁ","126.9583248022","37.5337957151","РЯЙнТїЗЮ"
"03148","102000054","ПыОЯУЪЕюЧаБГРдБИ.РЬХТПјСжАјОЦЦФЦЎ","126.9886645749","37.5441159432","РЯЙнТїЗЮ"
"03149","102000055","РЬХТПјЕПГВЛъДыИВОЦЦФЦЎ.ПыЛъЕПОЦЦФЦЎ","126.9874799728","37.5398743674","АЁЗЮКЏНУАЃ"
"03150","102000056","ПыЛъЧбНХОЦЦФЦЎ","126.9871086322","37.5398054732","РЯЙнТїЗЮ"
"03151","102000057","ЧиЙцУЬ","126.986609087","37.537817739","РЯЙнТїЗЮ"
"03152","102000058","БЙБКРчСЄАќИЎДм","126.9868496115","37.5373177108","РЯЙнТїЗЮ"
"03153","102000059","ПыЛъБИУЛ","126.991163","37.530303","РЯЙнТїЗЮ"
"03154","102000060","ПыЛъБИУЛ","126.9911698907","37.5294095764","РЯЙнТїЗЮ"
"03155","102000061","ЧбА­СпЧаБГ","126.9921715396","37.5254587536","РЯЙнТїЗЮ"
"03156","102000062","ЧбА­СпЧаБГ","126.9924287738","37.5245025908","РЯЙнТїЗЮ"
"03157","102000063","М­КљАэПЊ1ЙјУтБИ","126.9899502397","37.5200464191","РЯЙнТїЗЮ"
"03158","102000064","РхУцДмЗЮРдБИ","127.002202","37.545795","РЯЙнТїЗЮ"
"03159","102000065","ГВЛъИЧМЧОЦЦФЦЎ.ГВЛъПЙМњПј","127.00204","37.544437","РЯЙнТїЗЮ"
"03160","102000066","М­ПяНУБтМњБГРАПјСпКЮ.КэЗчНКФљОю","127.0033851827","37.5416918639","РЯЙнТїЗЮ"
"03161","102000067","М­ПяНУБтМњБГРАПјСпКЮ.КэЗчНКФљОю","127.0031508133","37.5411791533","РЯЙнТїЗЮ"
"03162","102000068","МјУЕЧтДыЧаКДПј","127.0057302453","37.5364422432","АЁЗЮКЏНУАЃ"
"03163","102000069","МјУЕЧтДыЧаКДПј","127.0062993526","37.5356114027","АЁЗЮКЏРќРЯ"
"03164","102000070","МјУЕЧтДыЧаКДПј","127.0054993584","37.5357934643","РЯЙнТїЗЮ"
"03165","102000071","МјУЕЧтДыЧаКДПј.ЧбГВПРАХИЎ","127.0057290409","37.5354906847","РЯЙнТїЗЮ"
"03166","102000072","ЧбГВПРАХИЎ","127.0083126426","37.5328478217","РЯЙнТїЗЮ"
"03167","102000073","ГВЛъЕЕМ­Аќ.ПыЛъЕЕМ­Аќ","126.980835","37.552282","РЯЙнТїЗЮ"
"03168","102000074","ГВЛъЕЕМ­Аќ.ПыЛъЕЕМ­Аќ","126.9811340112","37.5520442521","РЯЙнТїЗЮ"
"03169","102000075","ШФОЯОрМіХЭ","126.98432","37.54869","РЯЙнТїЗЮ"
"03170","102000076","ШФОЯОрМіХЭ","126.9841668777","37.548395263","РЯЙнТїЗЮ"
"03171","102000077","ПыЛъ2АЁЕПСжЙЮМОХЭ.КИМКПЉСпАэ","126.9858399758","37.5463968458","РЯЙнТїЗЮ"
"03172","102000078","ПыЛъ2АЁЕПСжЙЮМОХЭ.КИМКПЉСпАэ","126.9856317665","37.5462598541","РЯЙнТїЗЮ"
"03173","102000079","ГВЛъОпПмНФЙАПјРдБИ","126.9927901963","37.5427038827","РЯЙнТїЗЮ"
"03174","102000080","ГВЛъОпПмНФЙАПјРдБИ","126.992916961","37.5425047481","РЯЙнТїЗЮ"
"03175","102000081","ЧЯОцЦЎШЃХк","126.9961358368","37.5417535527","РЯЙнТїЗЮ"
"03176","102000082","ЧЯОцЦЎШЃХк","126.9974258076","37.540866103","РЯЙнТїЗЮ"
"03177","102000083","ПыИЖЗчАэАГ(М­ПяРкЕПТїАэЕюЧаБГ)","126.9584647114","37.5406368923","РЯЙнТїЗЮ"
"03178","102000084","ПыИЖЗчАэАГ.ШПУЂЦФХЉЧЊИЃСіПРОЦЦФЦЎ","126.9585520334","37.5402999129","РЯЙнТїЗЮ"
"03179","102000085","ШПУЂАјПјОеПЊ.РЬКРУЂПЊЛчПяИВАќ","126.9618971064","37.5392719714","РЯЙнТїЗЮ"
"03180","102000086","ШПУЂАјПјОеПЊ.РЬКРУЂПЊЛчПяИВАќ","126.9626978558","37.5388284845","РЯЙнТїЗЮ"
"03181","102000087","ПыЛъВоГЊЙЋСОЧеХИПю.КИАЧКаМв","126.9649997667","37.5384268178","РЯЙнТїЗЮ"
"03182","102000088","ПыЛъВоГЊЙЋСОЧеХИПю.КИАЧКаМв","126.964648","37.538295","РЯЙнТїЗЮ"
"03183","102000089","ПјШПЗЮСІ1ЕПСжЙЮМОХЭ","126.9669923459","37.5376607152","РЯЙнТїЗЮ"
"03184","102000090","РќРяБтГфАќ","126.9768577525","37.5347586674","РЯЙнТїЗЮ"
"03185","102000091","РќРяБтГфАќ","126.9753831458","37.534651168","РЯЙнТїЗЮ"
"03186","102000092","ГьЛчЦђПЊ","126.9851183494","37.5351069553","РЯЙнТїЗЮ"
"03187","102000093","ГьЛчЦђПЊ","126.9853046955","37.5347582183","РЯЙнТїЗЮ"
"03188","102000094","ПыЛъБИУЛ.РЬХТПјНУРх","126.9904706555","37.5343830489","РЯЙнТїЗЮ"
"03189","102000095","ПыЛъБИУЛ.РЬХТПјНУРх","126.9900096398","37.5341127106","РЯЙнТїЗЮ"
"03190","102000096","РЬХТПјПЊ1ЙјУтБИ.ЧиЙаХЯШЃХк","126.993043","37.534552","РЯЙнТїЗЮ"
"03191","102000097","РЬХТПјПЊ4ЙјУтБИ.ЧиЙаХЯШЃХк","126.9934293088","37.5343539681","РЯЙнТїЗЮ"
"03192","102000098","РЬХТПј119ОШРќМОХЭ","126.996387","37.53479","РЯЙнТїЗЮ"
"03193","102000099","РЬХТПј119ОШРќМОХЭ","126.997179939","37.534604145","РЯЙнТїЗЮ"
"03194","102000100","ЧбГВЕПСжЙЮМОХЭ","127.0004667254","37.5370458894","РЯЙнТїЗЮ"
"03195","102000101","ЧбГВЕПСжЙЮМОХЭ","127.0006042579","37.5367073033","РЯЙнТїЗЮ"
"03196","102000102","ЧбА­СјПЊ.КэЗчНКФљОю","127.001695","37.540805","РЯЙнТїЗЮ"
"03197","102000103","ЧбА­СјПЊ.КэЗчНКФљОю","127.0020254103","37.5409291837","РЯЙнТїЗЮ"
"03198","102000104","М­ПяПЊ11ЙјУтБИ","126.9738943742","37.5536168846","РЯЙнТїЗЮ"
"03199","102000105","ШФОЯЛяАХИЎ","126.9765772255","37.5525408404","РЯЙнТїЗЮ"
"03200","102000106","ШФОЯНУРх","126.9770644706","37.5506891863","РЯЙнТїЗЮ"
"03201","102000107","ШФОЯНУРх","126.9775446282","37.5497467332","РЯЙнТїЗЮ"
"03202","102000108","ПыЛъСпАэ","126.9781855672","37.5466597949","РЯЙнТїЗЮ"
"03203","102000109","ПыЛъСпАэ","126.978225","37.547205","РЯЙнТїЗЮ"
"03204","102000110","ШФОЯЕПСОСЁ.ПыЛъСпЧаБГ","126.9809588102","37.5466989277","РЯЙнТїЗЮ"
"03205","102000111","ПыЛъАэЕюЧаБГ","126.977563","37.54574","РЯЙнТїЗЮ"
"03206","102000112","М­ПяНУБГРАУЛ.ГВПЕЕПСжЙЮМОХЭ","126.976572","37.545772","РЯЙнТїЗЮ"
"03207","102000113","М­ПяНУБГРАУЛ.ГВПЕЕПСжЙЮМОХЭ","126.975732","37.545505","РЯЙнТїЗЮ"
"03208","102000114","ГВПЕПьУМБЙ","126.973235384","37.5451241168","РЯЙнТїЗЮ"
"03209","102000115","АЅПљЕПЛчШИКЙСіАќ.ГВПЕПьУМБЙ","126.973962","37.545409","РЯЙнТїЗЮ"
"03210","102000116","ЧбГВНУЙќОЦЦФЦЎ","127.0122607528","37.5379429734","РЯЙнТїЗЮ"
"03211","102000117","ЧбГВНУЙќОЦЦФЦЎ","127.0126714787","37.5377041394","РЯЙнТїЗЮ"
"03212","102000118","ЧбГВЕП","127.0084445845","37.5339127002","РЯЙнТїЗЮ"
"03213","102000119","ЧбГВЕП","127.0087002913","37.5337549896","РЯЙнТїЗЮ"
"03214","102000120","РЬУЬЕПЕПКЮМОЦЎЗЙКє","126.9660096214","37.5215595386","РЯЙнТїЗЮ"
"03215","102000121","РЬУЬЕПЕЮЛъРЇКъЦЎЗЙСіПђ.ЧбА­ДыПьОЦЦФЦЎ","126.9675282802","37.5215734809","РЯЙнТїЗЮ"
"03216","102000122","РЬУЬ1ЕПУцНХБГШИОе","126.968480845","37.5212831472","РЯЙнТїЗЮ"
"03217","102000123","РЬУЬЕПЧбАЁЖїОЦЦФЦЎ.РЬУЬПЊ","126.9718842721","37.520656299","РЯЙнТїЗЮ"
"03218","102000124","РЬУЬЕПЧбА­ИЧМЧ.РЬУЬПЊ","126.972709783","37.5201804898","РЯЙнТїЗЮ"
"03219","102000125","НХПыЛъУЪЕюЧаБГ","126.9745085046","37.5198497731","РЯЙнТїЗЮ"
"03220","102000126","НХПыЛъУЪЕюЧаБГ.СпАцАэЕюЧаБГ","126.9762479627","37.5190775256","РЯЙнТїЗЮ"
"03221","102000127","СпАцАэЕюЧаБГ.РЬУЬЕПА­УЬОЦЦФЦЎ","126.9775234206","37.5189178471","РЯЙнТїЗЮ"
"03222","102000128","РЬУЬЕПСЁКИОЦЦФЦЎ","126.9784408808","37.5183827987","РЯЙнТїЗЮ"
"03223","102000129","РЬУЬЕПЧіДыОЦЦФЦЎ","126.9787120007","37.5185336834","РЯЙнТїЗЮ"
"03224","102000130","БнА­КДПј.ЙнЕЕОЦЦФЦЎ","126.9811234284","37.517704332","РЯЙнТїЗЮ"
"03225","102000131","М­КљАэНХЕПОЦОЦЦФЦЎ","126.9851053606","37.517936953","РЯЙнТїЗЮ"
"03226","102000132","М­КљАэНХЕПОЦОЦЦФЦЎ","126.985371435","37.5174859672","РЯЙнТїЗЮ"
"03227","102000133","ИИИЎЕПАэАГ","126.9628215994","37.551670014","РЯЙнТїЗЮ"
"03228","102000134","МеБтСЄУМРААјПј","126.9664230215","37.5542153265","РЯЙнТїЗЮ"
"03229","102000135","МїДыРдБИПЊ","126.970799","37.544479","РЯЙнТїЗЮ"
"03230","102000136","ГВПЕПЊ.ЙЮСжШ­ПюЕПБтГфАќ","126.9709244565","37.5422202391","РЯЙнТїЗЮ"
"03231","102000137","МїИэПЉДыЕЕМ­АќОе","126.9672216718","37.5448468654","РЯЙнТїЗЮ"
"03232","102000138","МїИэПЉДыЕЕМ­АќОе","126.9664464653","37.5448412411","РЯЙнТїЗЮ"
"03233","102000139","МїИэПЉДыСЄЙЎ","126.9641094647","37.5449594985","РЯЙнТїЗЮ"
"03234","102000140","МїИэПЉДыСЄЙЎ","126.9643096929","37.5451307674","РЯЙнТїЗЮ"
"03235","102000141","МїИэПЉДыШФЙЎ.РЬКРУЂШАЕПХЭ","126.9632996424","37.5460839723","РЯЙнТїЗЮ"
"03236","102000142","ШПУЂАјПјШФЙЎ","126.9625778991","37.5467910299","РЯЙнТїЗЮ"
"03237","102000143","ЧбАмЗЙНХЙЎЛчРдБИ","126.9591928852","37.5458806239","РЯЙнТїЗЮ"
"03238","102000144","ДыЧбГыРЮШИСпОгШИ","126.9576684412","37.5437890449","РЯЙнТїЗЮ"
"03239","102000145","ШПУЂПюЕПРх.ШПУЂЕПСжЙЮМОХЭ","126.9617671315","37.5422095196","РЯЙнТїЗЮ"
"03240","102000146","ШПУЂЕПСжЙЮМОХЭ.БнОчУЪЕюЧаБГ","126.9622336676","37.5416239572","РЯЙнТїЗЮ"
"03241","102000147","БнОчУЪЕюЧаБГ","126.9620007403","37.5412992546","РЯЙнТїЗЮ"
"03242","102000148","ШПУЂАјПјПЊ","126.9610378658","37.5387860159","РЯЙнТїЗЮ"
"03243","102000149","ЕЕПјЛяМКЗЁЙЬОШОЦЦФЦЎ","126.9574338661","37.539776803","РЯЙнТїЗЮ"
"03244","102000150","ЕЕПјЛяМКЗЁЙЬОШОЦЦФЦЎ","126.9572103137","37.5396254142","РЯЙнТїЗЮ"
"03245","102000151","СпОгЧЯРЬУїКєЖѓОе","126.9600336494","37.5380144603","РЯЙнТїЗЮ"
"03246","102000152","СпОгЧЯРЬУїКєЖѓОе","126.9598809227","37.5379738635","РЯЙнТїЗЮ"
"03247","102000153","ПыЙЎНУРх","126.9609679808","37.5363479221","РЯЙнТїЗЮ"
"03248","102000154","ПыЙЎНУРх","126.9613595571","37.5359792047","РЯЙнТїЗЮ"
"03249","102000155","ПыЛъРќРкЛѓАЁРдБИ","126.9622225151","37.5345701678","РЯЙнТїЗЮ"
"03250","102000156","ПыЛъРќРкЛѓАЁРдБИ","126.9619447091","37.5346611171","РЯЙнТїЗЮ"
"03251","102000157","НХПыЛъСіЧЯТїЕЕ","126.963668181","37.5328348806","РЯЙнТїЗЮ"
"03252","102000158","НХПыЛъСіЧЯТїЕЕ","126.963882","37.53259","РЯЙнТїЗЮ"
"03253","102000159","НХПыЛъПЊ5ЙјУтБИ","126.9676784797","37.5300338589","РЯЙнТїЗЮ"
"03255","102000161","ПыЛъПЊ","126.9658224646","37.5288666127","РЯЙнТїЗЮ"
"03256","102000162","ПыЛъЧЊИЃСіПРНсЙд","126.96475962","37.5275756153","РЯЙнТїЗЮ"
"03257","102000163","ПыЛъЧЊИЃСіПРНсЙд","126.964578773","37.527230928","РЯЙнТїЗЮ"
"03258","102000164","ПыЛъПЊБЄРхОе","126.965617","37.528333","РЯЙнТїЗЮ"
"03259","102000165","ПыЛъПЊЛчЙкЙААќ.ПыЛъУЖЕЕАэЕюЧаБГ","126.9660149714","37.5255972846","РЯЙнТїЗЮ"
"03260","102000166","ПыЛъПЊЛчЙкЙААќ.ПыЛъУЖЕЕАэЕюЧаБГ","126.9671194025","37.5253057707","РЯЙнТїЗЮ"
"03261","102000167","ПыЛъММЙЋМ­","126.9692440232","37.5237318415","РЯЙнТїЗЮ"
"03262","102000168","ПыЛъММЙЋМ­","126.970154424","37.5236213922","РЯЙнТїЗЮ"
"03263","102000169","РЬУЬПЊ","126.9739086458","37.5226689183","РЯЙнТїЗЮ"
"03264","102000170","РЬУЬПЊ","126.9740268751","37.5223634662","РЯЙнТїЗЮ"
"03265","102000171","БЙИГСпОгЙкЙААќ.ПыЛъАЁСЗАјПј","126.9786512102","37.5208980106","РЯЙнТїЗЮ"
"03266","102000172","БЙИГСпОгЙкЙААќ.ПыЛъАЁСЗАјПј","126.9799562027","37.5208754875","РЯЙнТїЗЮ"
"03267","102000173","М­КљАэПЊБГТїЗЮ","126.9899","37.520427","РЯЙнТїЗЮ"
"03268","102000174","М­КљАэУЪЕюЧаБГ","126.9908893645","37.5211711184","РЯЙнТїЗЮ"
"03269","102000175","ЧбА­СпЧаБГ","126.9913627138","37.5251140639","РЯЙнТїЗЮ"
"03270","102000176","М­КљАэЕПБнШЃКЃНКЦЎКє","126.9907181939","37.5226362582","РЯЙнТїЗЮ"
"03272","102000178","М­КљАэЕП","126.992986","37.519851","РЯЙнТїЗЮ"
"03273","102000179","М­КљАэЕПСжЙЮМОХЭ","126.9948813029","37.5203840049","РЯЙнТїЗЮ"
"03274","102000180","ЕПКљАэЕП","126.996690677","37.5208183604","РЯЙнТїЗЮ"
"03275","102000181","ЕПКљАэЕП","126.9970390394","37.5212625565","РЯЙнТїЗЮ"
"03276","102000182","КИБЄНХЕПОЦОЦЦФЦЎ.ЛяМКИЎЙіКєОЦЦФЦЎ","127.0020297105","37.5247380028","РЯЙнТїЗЮ"
"03277","102000183","КИБЄЕПНХЕПОЦОЦЦФЦЎ","127.0015149467","37.5256237907","РЯЙнТїЗЮ"
"03278","102000184","КИБЄЕПСжЙЮМОХЭ","127.0005046107","37.5264591178","РЯЙнТїЗЮ"
"03279","102000185","КИБЄЕП","126.999026","37.528342","РЯЙнТїЗЮ"
"03280","102000186","КИБЄЕП","126.998896846","37.528182014","РЯЙнТїЗЮ"
"03281","102000187","ЧбБЙЦњИЎХи1ДыЧа","126.9967926172","37.5301959868","РЯЙнТїЗЮ"
"03282","102000188","ЧбБЙЦњИЎХи1ДыЧа","126.9965748167","37.5305293513","РЯЙнТїЗЮ"
"03283","102000189","РЬХТПјПЊ.КИБЄЕПРдБИ","126.994213","37.5334","РЯЙнТїЗЮ"
"03284","102000190","РЬХТПјПЊ.КИБЄЕПРдБИ","126.9942269972","37.5338224192","РЯЙнТїЗЮ"
"03285","102000191","ЧбГВПЊ.ПыЛъГыРЮСОЧеКЙСіАќ","127.006795706","37.5312239311","РЯЙнТїЗЮ"
"03286","102000192","ЧбГВПЊ.ПыЛъГыРЮСОЧеКЙСіАќ","127.007769858","37.5306687947","РЯЙнТїЗЮ"
"03287","102000193","РЬУЬ119ОШРќМОХЭ.МКУЬАјПј","126.9529474778","37.5300799765","РЯЙнТїЗЮ"
"03288","102000194","РЬУЬЗЮРдБИ.МКУЬАјПјОе","126.9546065451","37.5301710306","РЯЙнТїЗЮ"
"03289","102000195","РЬУЬЗЮРдБИ.МКУЬАјПјОе","126.954351091","37.529747416","РЯЙнТїЗЮ"
"03290","102000196","РЬУЬ2ЕПСжЙЮМОХЭ","126.9550639882","37.5277364382","РЯЙнТїЗЮ"
"03291","102000197","РЬУЬ2ЕПСжЙЮМОХЭ","126.9548605606","37.5277028919","РЯЙнТїЗЮ"
"03292","102000198","РЬУЬ2ЕПДыИВОЦЦФЦЎ.ЛѕГВХЭМКСі","126.9563230524","37.5261753068","РЯЙнТїЗЮ"
"03293","102000199","РЬУЬ2ЕПДыИВОЦЦФЦЎ.ЛѕГВХЭМКСі","126.9561658719","37.5260292706","РЯЙнТїЗЮ"
"03294","102000200","М­КЮРЬУЬЕПРдБИ","126.959495368","37.5238640509","РЯЙнТїЗЮ"
"03295","102000201","РЬУЬ2ЕПА­КЏОЦЦФЦЎ","126.9597809746","37.5234462055","РЯЙнТїЗЮ"
"03296","102000202","ПјШП2ЕПЛъШЃОЦЦФЦЎШФЙЎ","126.9500126665","37.5322600069","РЯЙнТїЗЮ"
"03297","102000203","УЛОЯЕПА­КЏЛяМКОЦЦФЦЎ","126.9482434807","37.5346144292","РЯЙнТїЗЮ"
"03298","102000204","УЛОЯЕПА­КЏЛяМКОЦЦФЦЎ","126.949323","37.534015","РЯЙнТїЗЮ"
"03299","102000205","ПјШП2ЕПЛъШЃОЦЦФЦЎ","126.9505415559","37.5330177683","РЯЙнТїЗЮ"
"03300","102000206","ПјШП2ЕПЛъШЃОЦЦФЦЎ","126.9508277689","37.5331088986","РЯЙнТїЗЮ"
"03301","102000207","ПјШПЗЮЧГРќОЦЦФЦЎ","126.9535225314","37.5321286462","РЯЙнТїЗЮ"
"03302","102000208","ПјШПЗЮЧГРќОЦЦФЦЎ","126.9545135613","37.5323687724","РЯЙнТїЗЮ"
"03303","102000209","ПјШПЧГРќОЦЦФЦЎ","126.9559182022","37.532742142","РЯЙнТїЗЮ"
"03304","102000210","ПјШП2ЕПСжЙЮМОХЭ","126.9513961673","37.5344941039","РЯЙнТїЗЮ"
"03305","102000211","ЛъУЕЕПИЎЙіШњЛяМКОЦЦФЦЎ","126.9511923413","37.5345003443","РЯЙнТїЗЮ"
"03306","102000212","ЛъУЕЕП.МКНЩПЉСпАэШФЙЎ","126.9536425118","37.5353203855","РЯЙнТїЗЮ"
"03307","102000213","ЛъУЕЕП.МКНЩПЉСпАэШФЙЎ","126.9533822284","37.5354081306","РЯЙнТїЗЮ"
"03308","102000214","НХУЂЕПММЙцОЦЦФЦЎ","126.954957565","37.5357083247","РЯЙнТїЗЮ"
"03309","102000215","НХУЂЕПММЙцОЦЦФЦЎ","126.9549471079","37.5358300537","РЯЙнТїЗЮ"
"03310","102000216","ГВРЬРхБКЛчДч","126.9579937738","37.5366590687","РЯЙнТїЗЮ"
"03311","102000217","ГВРЬРхБКЛчДч","126.9575932164","37.5367544611","РЯЙнТїЗЮ"
"03312","102000218","ПыЙЎНУРх.ПыЙЎЕПЛѕИЖРЛБнАэ","126.9595337638","37.5370716239","РЯЙнТїЗЮ"
"03313","102000219","ПыЙЎНУРх.ПыЙЎЕПЛѕИЖРЛБнАэ","126.9591968331","37.5371492138","РЯЙнТїЗЮ"
"03319","102000225","МјУЕЧтКДПјРдБИ","127.0067505734","37.5326305473","РЯЙнТїЗЮ"
"03320","102000226","ГВЛъМ­ПяХИПі","126.9911947846","37.5510144684","РЯЙнТїЗЮ"
"03321","102000227","УЛНЩАцЗЮДч","126.9506907463","37.5338879189","РЯЙнТїЗЮ"
"03322","102000228","ЛяМКХзИЖЦЎ","126.9503849242","37.5337466904","РЯЙнТїЗЮ"
"03323","102000229","М­КљАэЕПБнШЃКЃНКЦЎКє","126.9909910111","37.5226137862","РЯЙнТїЗЮ"
"03324","102000230","ЧбГВЕПЧЯРЬЦфИЎПТ","127.0055474264","37.5278439771","РЯЙнТїЗЮ"
"03325","102000231","М­КљАэПЊ1ЙјУтБИ","126.9894855098","37.5200345091","РЯЙнТїЗЮ"
"03326","102000232","ЙЎЙшЕПРЬОШОЦЦФЦЎОе","126.971060418","37.5388699959","РЯЙнТїЗЮ"
"03327","102000233","АЅПљЕП.МїДыРдБИПЊ10ЙјУтБИ","126.9716591639","37.5463858567","РЯЙнТїЗЮ"
"03328","102000234","ЛяАЂСіПЊ11ЙјУтБИ.РќРяБтГфАќ","126.974548","37.536204","РЯЙнТїЗЮ"
"03330","102000236","МїДыРдБИ","126.9705229419","37.5445305498","РЯЙнТїЗЮ"
"03331","102000237","ПјШПДыБГКЯДм","126.9556102561","37.5321383559","РЯЙнТїЗЮ"
"03332","102000238","ЙЎЙшЕПРЬОШОЦЦФЦЎОе","126.9707994501","37.5383644982","РЯЙнТїЗЮ"
"03334","102000240","МјУЕЧтКДПјРдБИ","127.0069961164","37.532694511","РЯЙнТїЗЮ"
"03335","102000241","МїИэПЉДыРдБИ","126.9696434774","37.5448844577","РЯЙнТїЗЮ"
"03336","102000243","М­КљАэУЪЕюЧаБГ","126.9906099662","37.5208412941","РЯЙнТїЗЮ"
"03338","102000245","ЧбА­ДыБГНКФЋРЬНКРЇЦЎ","126.9608161519","37.5213307725","РЯЙнТїЗЮ"
"03339","102000246","ЧбА­ДыБГРќИСФЋЦф","126.9613434997","37.5212359951","РЯЙнТїЗЮ"
"03340","102000247","ГыЕщМЖ","126.9586051825","37.5175161768","РЯЙнТїЗЮ"
"03341","102000248","ГыЕщМЖ","126.959037665","37.5173638437","РЯЙнТїЗЮ"
"03342","102000249","ПыОЯУЪЕюЧаБГ.РЬХТПј2ЕПСжЙЮМОХЭ","126.990733","37.544673","РЯЙнТїЗЮ"
"03343","102000250","ПыОЯУЪЕюЧаБГ.РЬХТПј2ЕПСжЙЮМОХЭ","126.9909320571","37.5448496669","РЯЙнТїЗЮ"
"03344","102000266","ШПУЂАјПјЛяАХИЎ.РБКРБцРЧЛчЕюЙІПЊ","126.9638368968","37.5446070869","РЯЙнТїЗЮ"
"03345","102000286","М­ПяПЊАјЧзУЖЕЕ15ЙјУтБИ","126.9688467509","37.5530779085","РЯЙнТїЗЮ"
"03346","102000297","ПыЛъВоГЊЙЋСОЧеХИПю","126.9672402984","37.538486933","РЯЙнТїЗЮ"
"03347","102000316","ГВЛъЕЕМ­Аќ.ПыЛъЕЕМ­Аќ","126.9818461928","37.552343667","РЯЙнТїЗЮ"
"03500","102900010","ЧЯОцЦЎШЃХк","126.9969932623","37.5406603781","ИЖРЛЙіНК"
"03501","102900065","ЧбНХОЦЦФЦЎ","126.9866957386","37.5389827262","ИЖРЛЙіНК"
"03502","102900009","МјУЕЧтКДПј","127.0048157354","37.5332487951","ИЖРЛЙіНК"
"03503","102900066","ПыОЯАцЗЮДчРдБИ","126.9869183825","37.540596615","ИЖРЛЙіНК"
"03504","102900083","ЧбГВПРАХИЎ","127.0066566991","37.5330901125","ИЖРЛЙіНК"
"03505","102900079","АЁОпЖћОе","126.9936040739","37.5401952774","ИЖРЛЙіНК"
"03506","102900008","ПыОЯЧбНХОЦЦФЦЎ","126.987435288","37.5420771725","ИЖРЛЙіНК"
"03508","102900070","ШПУЂАјПјШФЙЎ","126.9608920893","37.5470688427","ИЖРЛЙіНК"
"03509","102900007","Е№СіХиАэЕюЧаБГОе","126.9916260429","37.5398031767","ИЖРЛЙіНК"
"03510","102900006","ПьИЎЕщАЁСЄРЧПј","126.9877949646","37.5432315144","ИЖРЛЙіНК"
"03511","102900097","ЕЕПјЛяМКЗЁЙЬОШОЦЦФЦЎ101ЕПОе","126.9562320809","37.5390685906","ИЖРЛЙіНК"
"03512","102900080","МКЕЕОрБЙ","126.9895541036","37.5394506828","ИЖРЛЙіНК"
"03513","102900005","ГВЛъБГШИРдБИ","126.9866471968","37.5446713415","ИЖРЛЙіНК"
"03515","102900003","НХОжБГШИ","126.9584869002","37.5455190385","ИЖРЛЙіНК"
"03516","102900002","НУРх","126.9885515774","37.5389225472","ИЖРЛЙіНК"
"03517","102900001","ЧиЙцУЬПРАХИЎ","126.9851474983","37.54572995","ИЖРЛЙіНК"
"03518","102900085","КИБЄЕПСжЙЮМОХЭ","127.0000973012","37.5261473387","ИЖРЛЙіНК"
"03519","102900035","ДыЧбГыРЮШИСпОгШИ","126.9576286965","37.5440368054","ИЖРЛЙіНК"
"03520","102900096","ЕЕПјЛяМКЗЁЙЬОШОЦЦФЦЎ101ЕПОе","126.9562965631","37.5390222559","ИЖРЛЙіНК"
"03521","102900034","НХШяБГШИОе","126.9833867831","37.5447457188","ИЖРЛЙіНК"
"03522","102900033","БКРЮОЦЦФЦЎ","126.9963176555","37.526004062","ИЖРЛЙіНК"
"03523","102900032","ПјШПЛч.ЙщЙќБшБИБтГфАќ","126.9585663043","37.5431401733","ИЖРЛЙіНК"
"03524","102900064","ГьЛчЦђПЊ","126.9858713342","37.5350110363","ИЖРЛЙіНК"
"03525","102900031","ХЋКћРЧС§Ое","126.9819982464","37.5445481753","ИЖРЛЙіНК"
"03526","102900075","ИѓЕхИЎОШМ­ПяРЬХТПј","126.992589","37.528596","ИЖРЛЙіНК"
"03527","102900098","ЕЕПјЛяМКЗЁЙЬОШОЦЦФЦЎ","126.9576859474","37.5396879497","ИЖРЛЙіНК"
"03529","102900063","ШФОЯЕПСОСЁ","126.9813662289","37.5467007949","ИЖРЛЙіНК"
"03530","102900076","ПыЛъБИУЛ","126.991477","37.530573","ИЖРЛЙіНК"
"03532","102900030","ПыЛъАэЕюЧаБГ","126.9795092308","37.5461364014","ИЖРЛЙіНК"
"03533","102900077","ПмКѓТїАэ","126.992242","37.531832","ИЖРЛЙіНК"
"03534","102900029","ШПУЂАјПјОеПЊ.РЬКРУЂПЊЛчПяИВАќ","126.9614323385","37.5396710223","ИЖРЛЙіНК"
"03537","102900078","УЛШ­ОЦЦФЦЎ","126.995387","37.531157","ИЖРЛЙіНК"
"03540","102900027","ПыЛъАцТћМ­","126.969805735","37.5410233025","ИЖРЛЙіНК"
"03541","102900026","МїДыПЊ7ЙјУтБИ","126.9722967638","37.5434757805","ИЖРЛЙіНК"
"03542","102900025","КИБЄЕПЛяАХИЎ","126.996811","37.530752","ИЖРЛЙіНК"
"03543","102900072","СпОгЧЯРЬУїКєЖѓ","126.9594786383","37.5385683269","ИЖРЛЙіНК"
"03544","102900024","ПјШППьУМБЙ","126.967353845","37.538967266","ИЖРЛЙіНК"
"03545","102900023","КИБЄУЪЕюЧаБГ","126.99673","37.531373","ИЖРЛЙіНК"
"03546","102900022","ПыЙЎЕПНУРх.ЛѕИЖРЛБнАэ","126.9596343248","37.5373482951","ИЖРЛЙіНК"
"03550","102900073","ПыЙЎЕПСжЙЮМОХЭ","126.9591190202","37.5381473907","ИЖРЛЙіНК"
"03551","102900020","ЙЎЙшОюИАРЬАјПј","126.9697251251","37.5369383946","ИЖРЛЙіНК"
"03552","102900019","ЙЎЙшОюИАРЬАјПј","126.9695900372","37.5371431249","ИЖРЛЙіНК"
"03561","102900015","НХПыЛъПЊ","126.9674544999","37.5299166547","ИЖРЛЙіНК"
"03564","102900012","ПыЛъПьУМБЙ","126.9703153999","37.531376286","ИЖРЛЙіНК"
"03565","102900011","МїДыПЊ5ЙјУтБИ","126.9725114972","37.54403813","ИЖРЛЙіНК"
"03567","102900058","ЛяАЂСіПЊ","126.9732731006","37.5345065492","ИЖРЛЙіНК"
"03568","102900068","АЅПљЕП","126.9720930552","37.5463241118","ИЖРЛЙіНК"
"03569","102900057","КИБЄУЪЕюЧаБГШФЙЎОе","126.995635","37.533162","ИЖРЛЙіНК"
"03571","102900056","ЕПРкАцЗЮДч","126.9741955461","37.5502867059","ИЖРЛЙіНК"
"03572","102900055","РЬХТПјПЊОе","126.9957","37.534339","ИЖРЛЙіНК"
"03573","102900054","ГьЛчЦђПЊ.ПыЛъБИУЛ","126.9871837649","37.5351395786","ИЖРЛЙіНК"
"03574","102900053","ШФОЯНУРх","126.9768043541","37.5500664789","ИЖРЛЙіНК"
"03577","102900051","ШФОЯЕПСжЙЮМОХЭОе","126.9777057507","37.5483644838","ИЖРЛЙіНК"
"03578","102900084","СІРЯБтШЙ","126.998418","37.53495","ИЖРЛЙіНК"
"03579","102900081","ДыМКБГШИ","126.9884520307","37.5386999666","ИЖРЛЙіНК"
"03580","102900050","ПыЛъАэЕюЧаБГ","126.9789524928","37.5459083263","ИЖРЛЙіНК"
"03581","102900049","МКЕЕОрБЙ","126.9894307824","37.5392776612","ИЖРЛЙіНК"
"03582","102900048","ШФОЯЕПСОСЁ","126.9813594882","37.5465016517","ИЖРЛЙіНК"
"03583","102900047","Е№СіХиАэЕюЧаБГОе","126.9918569023","37.5397139842","ИЖРЛЙіНК"
"03584","102900046","ХЋКћРЧС§Ое","126.9819077271","37.5444832826","ИЖРЛЙіНК"
"03585","102900082","АЁОпЖћОе","126.9937523252","37.5400889559","ИЖРЛЙіНК"
"03586","102900045","НХШяБГШИОе","126.983387942","37.5446231699","ИЖРЛЙіНК"
"03588","102900044","ЧиЙцУЬПРАХИЎ","126.9853964787","37.5457029481","ИЖРЛЙіНК"
"03589","102900043","ГВЛъБГШИРдБИ","126.9866223212","37.5445505919","ИЖРЛЙіНК"
"03590","102900042","ПьИЎЕщАЁСЄРЧПј","126.9876591627","37.5432423134","ИЖРЛЙіНК"
"03591","102900041","ПыОЯЧбНХОЦЦФЦЎ","126.9874137344","37.5423880484","ИЖРЛЙіНК"
"03592","102900040","ПыОЯАцЗЮДчРдБИ","126.9869601654","37.5410985304","ИЖРЛЙіНК"
"03593","102900039","ЧбНХОЦЦФЦЎ","126.986557682","37.5389881171","ИЖРЛЙіНК"
"03594","102900089","АЉРЛКєЕљ","126.9720388292","37.5490958683","ИЖРЛЙіНК"
"03595","102900091","ИЎЙіШњЛяМКОЦЦФЦЎШФЙЎ","126.9487207623","37.5349462412","ИЖРЛЙіНК"
"03596","102900038","ИИИЎНУРхРдБИ","126.9630412782","37.5515678017","ИЖРЛЙіНК"
"03597","102900037","ЙшЙЎСпАэЕюЧаБГ","126.9636168092","37.5503749309","ИЖРЛЙіНК"
"03598","102900036","УЛЦФУЪЕюЧаБГ","126.9633754859","37.5485834792","ИЖРЛЙіНК"
"03648","102000263","ЕПКЮРЬУЬЕП","126.9726729953","37.520139253","РЯЙнТїЗЮ"
"03649","102000262","А­УЬAPT","126.9761942244","37.5191000398","РЯЙнТїЗЮ"
"03680","102000272","ГВЛъБзЗЃЕхЧЯОцЦЎШЃХк","126.9973678608","37.5398259716","РЯЙнТїЗЮ"
"03688","102900062","УЛЦФУЪЕюЧаБГ","126.9635056923","37.5484699816","ИЖРЛЙіНК"
"03699","102900061","ЙшЙЎСпАэБГ","126.963728852","37.550381273","ИЖРЛЙіНК"
"03700","102900060","ИИИЎНУРхРдБИ","126.9631453007","37.5517759871","ИЖРЛЙіНК"
"03709","102900090","УЛОЯРкРЬОЦЦФЦЎ","126.9485683053","37.5348672272","ИЖРЛЙіНК"
"03710","102000273","НХЕПОЦAPT","126.9853623627","37.5175986035","РЯЙнТїЗЮ"
"03728","102000257","НХЕПОЦAPT","126.9853034727","37.5179220911","РЯЙнТїЗЮ"
"03729","102000256","А­УЬAPT","126.9773129069","37.5189057287","РЯЙнТїЗЮ"
"03730","102000255","ЕПКЮРЬУЬЕП","126.9718175157","37.5206779095","РЯЙнТїЗЮ"
"03732","102000274","РЬУЬЕПЕЮЛъРЇКъЦЎЗЙСіПђ","126.9659919434","37.521493673","РЯЙнТїЗЮ"
"03733","102000275","РЬУЬЕПЕЮЛъРЇКъЦЎЗЙСіПђ","126.9675735406","37.5215283595","РЯЙнТїЗЮ"
"03734","102000276","РЬУЬЧіДыОЦЦФЦЎ.БнА­КДПј","126.9810408412","37.5177187363","РЯЙнТїЗЮ"
"03735","102000277","РЬУЬЧіДыОЦЦФЦЎ.БнА­КДПј","126.978748041","37.5185081173","РЯЙнТїЗЮ"
"03736","102000278","ЧбГВПЊ","127.0067323413","37.5312068138","РЯЙнТїЗЮ"
"03737","102900092","ЕЕПјЛяМКЗЁЙЬОШОЦЦФЦЎДмСіГЛ","126.9553881353","37.5381983039","ИЖРЛЙіНК"
"03742","102900086","ЧбГВЕПСжЙЮМОХЭ","127.000603","37.534102","ИЖРЛЙіНК"
"03743","102900088","ПыЛъCJГЊРЮЦФХЉ","126.9695530125","37.5358706647","ИЖРЛЙіНК"
"03744","102900087","ПыЛъeЦэЧбММЛѓ","126.9672212005","37.5344621995","ИЖРЛЙіНК"
"03748","102000282","РЬС§ЦЎДыЛчАќ.ЧбГВДѕШњОЦЦФЦЎ","127.011274684","37.535256866","РЯЙнТїЗЮ"
"03749","102000281","РЬС§ЦЎДыЛчАќ.ЧбГВДѕШњОЦЦФЦЎ","127.0114310392","37.5362408844","РЯЙнТїЗЮ"
"03750","102000283","ЧбГВПЊ","127.0077438254","37.5305849943","РЯЙнТїЗЮ"
"03751","102000285","ЧбГВЕП","127.008573227","37.5337569266","РЯЙнТїЗЮ"
"03752","102000284","ЧбГВЕП","127.0085656637","37.533963153","РЯЙнТїЗЮ"
"03753","102900095","ЧЪИЎЧЩДыЛчАќ","126.995093255","37.5406999627","ИЖРЛЙіНК"
"03754","102900094","ЧЪИЎЧЩДыЛчАќ","126.9951600296","37.5405702075","ИЖРЛЙіНК"
"03900","102000310","РќРяБтГфАќ","126.9734851953","37.5384014653","РЯЙнТїЗЮ"
"03901","102000311","ПыЛъПЊ","126.964794","37.527598","РЯЙнТїЗЮ"
"03902","102000312","БЙИГСпОгЙкЙААќ","126.9785496415","37.5208476177","РЯЙнТїЗЮ"
"03905","102000314","ЧЯОцЦЎШЃХк","126.9972013482","37.5408918783","РЯЙнТїЗЮ"
"14336","102000254","ПыИЖЗчАэАГ.КъЖѓПюНКХцАјДіОЦЦФЦЎ","126.9568297914","37.541133045","РЯЙнТїЗЮ"
