관리번호,자치구,와이파이명,도로명주소,설치유형,설치기관,서비스구분,망종류,설치년도,실내외구분,X좌표,Y좌표,작업일자
24서울-0007,용산구,용산 청소년복합문화공간,용산구 한남동 90-4 B1층,6-4. 복지 - 아동청소년,디지털뉴딜(LG U+),공공WiFi,임대망,2024,실내,37.531967,127.00727,2026-07-29 10:56:01.0
24서울-0008,용산구,용산 청소년복합문화공간,용산구 한남동 90-4 B1층,6-4. 복지 - 아동청소년,디지털뉴딜(LG U+),공공WiFi,임대망,2024,실내,37.531967,127.00727,2026-07-29 10:56:01.0
BS101022,용산구,버스정류소_KT용산지사,한강대로,5-1. 버스정류소(국비),버스정류소(국비_KT_LTE),과기부WiFi,임대망,2021,실외,37.531498,126.97024,2026-07-29 10:56:01.0
BS101023,용산구,버스정류소_KT용산지사,한강대로,5-1. 버스정류소(국비),버스정류소(국비_KT_LTE),과기부WiFi,임대망,2021,실외,37.53205,126.970566,2026-07-29 10:56:01.0
BS101024,용산구,버스정류소_갈월동,한강대로,5-1. 버스정류소(국비),버스정류소(국비_KT_LTE),과기부WiFi,임대망,2021,실외,37.550976,126.97224,2026-07-29 10:56:01.0
BS101025,용산구,버스정류소_갈월동,한강대로,5-1. 버스정류소(국비),버스정류소(국비_KT_LTE),과기부WiFi,임대망,2021,실외,37.549534,126.97171,2026-07-29 10:56:01.0
BS101026,용산구,버스정류소_남산예술원,한남동 726-374,5-1. 버스정류소(국비),버스정류소(국비_KT_LTE),과기부WiFi,임대망,2021,실외,37.544437,127.00204,2026-07-29 10:56:01.0
BS101027,용산구,버스정류소_남산체육관,이태원동 260-381,5-1. 버스정류소(국비),버스정류소(국비_KT_LTE),과기부WiFi,임대망,2021,실외,37.542706,126.99279,2026-07-29 10:56:01.0
BS101028,용산구,버스정류소_남산체육관,소월로 280,5-1. 버스정류소(국비),버스정류소(국비_KT_LTE),과기부WiFi,임대망,2021,실외,37.542503,126.99292,2026-07-29 10:56:01.0
BS101029,용산구,버스정류소_남영동주민센터,두텁바위로 27,5-1. 버스정류소(국비),버스정류소(국비_KT_LTE),과기부WiFi,임대망,2021,실외,37.54575,126.97675,2026-07-29 10:56:01.0
BS101030,용산구,버스정류소_남영동주민센터,용산동1가 1-4,5-1. 버스정류소(국비),버스정류소(국비_KT_LTE),과기부WiFi,임대망,2021,실외,37.54536,126.97506,2026-07-29 10:56:01.0
BS101031,용산구,버스정류소_남영역,갈월동 100-5,5-1. 버스정류소(국비),버스정류소(국비_KT_LTE),과기부WiFi,임대망,2021,실외,37.540813,126.97103,2026-07-29 10:56:01.0
BS101032,용산구,버스정류소_남영역,원효로1가 115-2,5-1. 버스정류소(국비),버스정류소(국비_KT_LTE),과기부WiFi,임대망,2021,실외,37.54057,126.97067,2026-07-29 10:56:01.0
BS101033,용산구,버스정류소_동빙고동,동빙고동 97-3,5-1. 버스정류소(국비),버스정류소(국비_KT_LTE),과기부WiFi,임대망,2021,실외,37.521183,126.99686,2026-07-29 10:56:01.0
BS101034,용산구,버스정류소_문배동이안아파트앞,한강로1가 1-4,5-1. 버스정류소(국비),버스정류소(국비_KT_LTE),과기부WiFi,임대망,2021,실외,37.53887,126.97106,2026-07-29 10:56:01.0
BS101035,용산구,버스정류소_문배동이안아파트앞,청파로 213,5-1. 버스정류소(국비),버스정류소(국비_KT_LTE),과기부WiFi,임대망,2021,실외,37.53827,126.97067,2026-07-29 10:56:01.0
BS101036,용산구,버스정류소_보광신동아아파트삼성리버빌아파트,보광동 130-6,5-1. 버스정류소(국비),버스정류소(국비_KT_LTE),과기부WiFi,임대망,2021,실외,37.52474,127.00203,2026-07-29 10:56:01.0
BS101037,용산구,버스정류소_보성여중고입구,용산동2가 1-6,5-1. 버스정류소(국비),버스정류소(국비_KT_LTE),과기부WiFi,임대망,2021,실외,37.5464,126.98584,2026-07-29 10:56:01.0
BS101038,용산구,버스정류소_삼각지역,한강대로,5-1. 버스정류소(국비),버스정류소(국비_KT_LTE),과기부WiFi,임대망,2021,실외,37.53527,126.974014,2026-07-29 10:56:01.0
BS101039,용산구,버스정류소_삼각지역,한강대로,5-1. 버스정류소(국비),버스정류소(국비_KT_LTE),과기부WiFi,임대망,2021,실외,37.535984,126.97416,2026-07-29 10:56:01.0
BS101040,용산구,버스정류소_삼각지역11번출구,한강로동 14-22,5-1. 버스정류소(국비),버스정류소(국비_KT_LTE),과기부WiFi,임대망,2021,실외,37.536205,126.97455,2026-07-29 10:56:01.0
BS101041,용산구,버스정류소_서빙고동주민센터,서빙고동 146-1,5-1. 버스정류소(국비),버스정류소(국비_KT_LTE),과기부WiFi,임대망,2021,실외,37.520325,126.99478,2026-07-29 10:56:01.0
BS101042,용산구,버스정류소_서빙고역교차로,서빙고로 237,5-1. 버스정류소(국비),버스정류소(국비_KT_LTE),과기부WiFi,임대망,2021,실외,37.520428,126.99009,2026-07-29 10:56:01.0
BS101043,용산구,버스정류소_서울역공항철도15번출구.국립극단,서계동224-36,5-1. 버스정류소(국비),버스정류소(국비_KT_LTE),과기부WiFi,임대망,2021,실외,37.553078,126.96885,2026-07-29 10:56:01.0
BS101044,용산구,버스정류소_성촌공원.포르쉐센터용산,한강로동 32-3철,5-1. 버스정류소(국비),버스정류소(국비_KT_LTE),과기부WiFi,임대망,2021,실외,37.53017,126.954605,2026-07-29 10:56:01.0
BS101045,용산구,버스정류소_숙대입구역,한강대로,5-1. 버스정류소(국비),버스정류소(국비_KT_LTE),과기부WiFi,임대망,2021,실외,37.543297,126.972534,2026-07-29 10:56:01.0
BS101046,용산구,버스정류소_숙대입구역,한강대로,5-1. 버스정류소(국비),버스정류소(국비_KT_LTE),과기부WiFi,임대망,2021,실외,37.543755,126.97223,2026-07-29 10:56:01.0
BS101047,용산구,버스정류소_신용산.지하차도,한강로3가 13-7,5-1. 버스정류소(국비),버스정류소(국비_KT_LTE),과기부WiFi,임대망,2021,실외,37.53255,126.96384,2026-07-29 10:56:01.0
BS101048,용산구,버스정류소_신용산역,한강대로,5-1. 버스정류소(국비),버스정류소(국비_KT_LTE),과기부WiFi,임대망,2021,실외,37.527294,126.96621,2026-07-29 10:56:01.0
BS101049,용산구,버스정류소_신용산역,한강대로,5-1. 버스정류소(국비),버스정류소(국비_KT_LTE),과기부WiFi,임대망,2021,실외,37.52792,126.96662,2026-07-29 10:56:01.0
BS101050,용산구,버스정류소_신용산역3번출구,한강로2가 331-1,5-1. 버스정류소(국비),버스정류소(국비_KT_LTE),과기부WiFi,임대망,2021,실외,37.52861,126.96709,2026-07-29 10:56:01.0
BS101051,용산구,버스정류소_신용산초등학교,이촌로 26,5-1. 버스정류소(국비),버스정류소(국비_KT_LTE),과기부WiFi,임대망,2021,실외,37.51905,126.976105,2026-07-29 10:56:01.0
BS101052,용산구,버스정류소_용마루고개.효창파크푸르지오아파트,효창동 180 (효창동 196-4),5-1. 버스정류소(국비),버스정류소(국비_KT_LTE),과기부WiFi,임대망,2021,실외,37.5403,126.95855,2026-07-29 10:56:01.0
BS101053,용산구,버스정류소_용산공고,한강대로14길 35-29,5-1. 버스정류소(국비),버스정류소(국비_KT_LTE),과기부WiFi,임대망,2021,실외,37.525597,126.96602,2026-07-29 10:56:01.0
BS101054,용산구,버스정류소_용산세무서,한강로동 65-500,5-1. 버스정류소(국비),버스정류소(국비_KT_LTE),과기부WiFi,임대망,2021,실외,37.52363,126.96932,2026-07-29 10:56:01.0
BS101055,용산구,버스정류소_용산세무서,한강로동 63-379,5-1. 버스정류소(국비),버스정류소(국비_KT_LTE),과기부WiFi,임대망,2021,실외,37.52362,126.97015,2026-07-29 10:56:01.0
BS101056,용산구,버스정류소_용산전자상가.전자랜드,청파로 74,5-1. 버스정류소(국비),버스정류소(국비_KT_LTE),과기부WiFi,임대망,2021,실외,37.532764,126.95858,2026-07-29 10:56:01.0
BS101057,용산구,버스정류소_용산전자상가.전자랜드,원효로3가 51-28,5-1. 버스정류소(국비),버스정류소(국비_KT_LTE),과기부WiFi,임대망,2021,실외,37.533,126.95825,2026-07-29 10:56:01.0
BS101058,용산구,버스정류소_용산중고,용산동1가 1-4,5-1. 버스정류소(국비),버스정류소(국비_KT_LTE),과기부WiFi,임대망,2021,실외,37.54574,126.97756,2026-07-29 10:56:01.0
BS101059,용산구,버스정류소_용암초등학교.이태원2동주민센터,이태원동 262-73,5-1. 버스정류소(국비),버스정류소(국비_KT_LTE),과기부WiFi,임대망,2021,실외,37.54485,126.99093,2026-07-29 10:56:01.0
BS101060,용산구,버스정류소_용암초등학교입구.이태원주공아파트,용산동2가 5-1553,5-1. 버스정류소(국비),버스정류소(국비_KT_LTE),과기부WiFi,임대망,2021,실외,37.544167,126.98855,2026-07-29 10:56:01.0
BS101061,용산구,버스정류소_원효2동산호아파트,원효로2 141,5-1. 버스정류소(국비),버스정류소(국비_KT_LTE),과기부WiFi,임대망,2021,실외,37.533108,126.95083,2026-07-29 10:56:01.0
BS101062,용산구,버스정류소_원효대교북단,한강로3가 16-66,5-1. 버스정류소(국비),버스정류소(국비_KT_LTE),과기부WiFi,임대망,2021,실외,37.53188,126.95601,2026-07-29 10:56:01.0
BS101063,용산구,버스정류소_원효대교북단,원효로2,5-1. 버스정류소(국비),버스정류소(국비_KT_LTE),과기부WiFi,임대망,2021,실외,37.53213,126.95575,2026-07-29 10:56:01.0
BS101064,용산구,버스정류소_원효로풍전아파트,원효로 86,5-1. 버스정류소(국비),버스정류소(국비_KT_LTE),과기부WiFi,임대망,2021,실외,37.53205,126.95351,2026-07-29 10:56:01.0
BS101065,용산구,버스정류소_원효로풍전아파트,원효로2 250-1,5-1. 버스정류소(국비),버스정류소(국비_KT_LTE),과기부WiFi,임대망,2021,실외,37.532368,126.95451,2026-07-29 10:56:01.0
BS101066,용산구,버스정류소_이촌119안전센터.성촌공원,이촌동 173-1,5-1. 버스정류소(국비),버스정류소(국비_KT_LTE),과기부WiFi,임대망,2021,실외,37.530117,126.95309,2026-07-29 10:56:01.0
BS101067,용산구,버스정류소_이촌2동주민센터,한강로동 37-2,5-1. 버스정류소(국비),버스정류소(국비_KT_LTE),과기부WiFi,임대망,2021,실외,37.527737,126.95506,2026-07-29 10:56:01.0
BS101068,용산구,버스정류소_이촌역,한강로동 17,5-1. 버스정류소(국비),버스정류소(국비_KT_LTE),과기부WiFi,임대망,2021,실외,37.52267,126.97391,2026-07-29 10:56:01.0
BS101069,용산구,버스정류소_이촌역,서빙고로 83,5-1. 버스정류소(국비),버스정류소(국비_KT_LTE),과기부WiFi,임대망,2021,실외,37.5223,126.97395,2026-07-29 10:56:01.0
BS101070,용산구,버스정류소_전쟁기념관,용산동1가 8-65,5-1. 버스정류소(국비),버스정류소(국비_KT_LTE),과기부WiFi,임대망,2021,실외,37.53476,126.97686,2026-07-29 10:56:01.0
BS101071,용산구,버스정류소_청암동강변삼성아파트,원효로2 181,5-1. 버스정류소(국비),버스정류소(국비_KT_LTE),과기부WiFi,임대망,2021,실외,37.534615,126.94824,2026-07-29 10:56:01.0
BS101072,용산구,버스정류소_청암동강변삼성아파트,원효로2 178,5-1. 버스정류소(국비),버스정류소(국비_KT_LTE),과기부WiFi,임대망,2021,실외,37.533966,126.94932,2026-07-29 10:56:01.0
BS101073,용산구,버스정류소_하얏트호텔,이태원동 258-466,5-1. 버스정류소(국비),버스정류소(국비_KT_LTE),과기부WiFi,임대망,2021,실외,37.540894,126.997314,2026-07-29 10:56:01.0
BS101074,용산구,버스정류소_한강대교북단.LG U+,한강대로,5-1. 버스정류소(국비),버스정류소(국비_KT_LTE),과기부WiFi,임대망,2021,실외,37.52409,126.96319,2026-07-29 10:56:01.0
BS101075,용산구,버스정류소_한강대교북단.LG U+,한강대로,5-1. 버스정류소(국비),버스정류소(국비_KT_LTE),과기부WiFi,임대망,2021,실외,37.524307,126.96319,2026-07-29 10:56:01.0
BS101076,용산구,버스정류소_한강대교북단,한강로동 40-678 (한강로3가 40-147),5-1. 버스정류소(국비),버스정류소(국비_KT_LTE),과기부WiFi,임대망,2021,실외,37.52529,126.963936,2026-07-29 10:56:01.0
BS101077,용산구,버스정류소_한국폴리텍1대학,보광로 73,5-1. 버스정류소(국비),버스정류소(국비_KT_LTE),과기부WiFi,임대망,2021,실외,37.530365,126.99653,2026-07-29 10:56:01.0
BS101078,용산구,버스정류소_효창공원후문,임정로 107-5,5-1. 버스정류소(국비),버스정류소(국비_KT_LTE),과기부WiFi,임대망,2021,실외,37.54676,126.9625,2026-07-29 10:56:01.0
BS101079,용산구,버스정류소_효창운동장.효창동주민센터,효창원로 157,5-1. 버스정류소(국비),버스정류소(국비_KT_LTE),과기부WiFi,임대망,2021,실외,37.54221,126.96177,2026-07-29 10:56:01.0
BS101287,용산구,버스정류소_숙대입구역.청파동주민센터,청파2 123 (청파동2가 120-32) 숙대입구역.청파동주민센터(03-128),5-1. 버스정류소(국비),버스정류소(국비_KT_LTE),과기부WiFi,임대망,2021,실외,37.54538,126.97078,2026-07-29 10:56:01.0
BS101288,용산구,버스정류소_용산꿈나무종합타운.원효로우체국,원효로1 27-20 (원효로1가 28-68) 용산꿈나무종합타운.원효로우체국(03-141),5-1. 버스정류소(국비),버스정류소(국비_KT_LTE),과기부WiFi,임대망,2021,실외,37.538612,126.96693,2026-07-29 10:56:01.0
BS101289,용산구,버스정류소_남정초등학교,원효로1 37-3 (원효로2가 27-16) 남정초등학교(03-143),5-1. 버스정류소(국비),버스정류소(국비_KT_LTE),과기부WiFi,임대망,2021,실외,37.53632,126.96366,2026-07-29 10:56:01.0
BS101290,용산구,버스정류소_원효로2가,원효로1 33-1 (원효로2가 29-1) 원효로2가(03-144),5-1. 버스정류소(국비),버스정류소(국비_KT_LTE),과기부WiFi,임대망,2021,실외,37.536236,126.96299,2026-07-29 10:56:01.0
BS101291,용산구,버스정류소_국군재정관리단,이태원2 527 (이태원동 586) 국군재정관리단(03-152),5-1. 버스정류소(국비),버스정류소(국비_KT_LTE),과기부WiFi,임대망,2021,실외,37.537144,126.98706,2026-07-29 10:56:01.0
BS101292,용산구,버스정류소_효창공원앞역,용문동 5-100 효창공원앞역(03-180),5-1. 버스정류소(국비),버스정류소(국비_KT_LTE),과기부WiFi,임대망,2021,실외,37.538807,126.9625,2026-07-29 10:56:01.0
BS101293,용산구,버스정류소_녹사평역,용산2가 6 녹사평역(03-186),5-1. 버스정류소(국비),버스정류소(국비_KT_LTE),과기부WiFi,임대망,2021,실외,37.535053,126.98534,2026-07-29 10:56:01.0
BS101294,용산구,버스정류소_용산구청.이태원시장,이태원1 176-2 용산구청.이태원시장(03-188),5-1. 버스정류소(국비),버스정류소(국비_KT_LTE),과기부WiFi,임대망,2021,실외,37.534363,126.9906,2026-07-29 10:56:01.0
BS101295,용산구,버스정류소_용산구청.이태원시장,이태원1 58-5 용산구청.이태원시장(03-189),5-1. 버스정류소(국비),버스정류소(국비_KT_LTE),과기부WiFi,임대망,2021,실외,37.53406,126.98991,2026-07-29 10:56:01.0
BS101296,용산구,버스정류소_이태원역1번출구.해밀턴호텔,이태원1 119-4 이태원역1번출구.해밀턴호텔(03-190),5-1. 버스정류소(국비),버스정류소(국비_KT_LTE),과기부WiFi,임대망,2021,실외,37.53452,126.993,2026-07-29 10:56:01.0
BS101297,용산구,버스정류소_이태원역4번출구.해밀턴호텔,이태원1 128-3 이태원역4번출구.해밀턴호텔(03-191),5-1. 버스정류소(국비),버스정류소(국비_KT_LTE),과기부WiFi,임대망,2021,실외,37.534275,126.99316,2026-07-29 10:56:01.0
BS101298,용산구,버스정류소_이태원119안전센터,이태원1 124-7 이태원119안전센터(03-192),5-1. 버스정류소(국비),버스정류소(국비_KT_LTE),과기부WiFi,임대망,2021,실외,37.53475,126.996635,2026-07-29 10:56:01.0
BS101299,용산구,버스정류소_한남동새마을금고,한남동 738-24 한남동새마을금고(03-194),5-1. 버스정류소(국비),버스정류소(국비_KT_LTE),과기부WiFi,임대망,2021,실외,37.536846,127.00032,2026-07-29 10:56:01.0
BS101300,용산구,버스정류소_한남동주민센터,한남동 683-141 한남동주민센터(03-195),5-1. 버스정류소(국비),버스정류소(국비_KT_LTE),과기부WiFi,임대망,2021,실외,37.53671,127.0006,2026-07-29 10:56:01.0
BS101301,용산구,버스정류소_한강진역.블루스퀘어,한남동 726-494도 한강진역.블루스퀘어(03-196),5-1. 버스정류소(국비),버스정류소(국비_KT_LTE),과기부WiFi,임대망,2021,실외,37.540726,127.00167,2026-07-29 10:56:01.0
BS101302,용산구,버스정류소_한강진역.블루스퀘어,한남동 726-494도 한강진역.블루스퀘어(03-197),5-1. 버스정류소(국비),버스정류소(국비_KT_LTE),과기부WiFi,임대망,2021,실외,37.540874,127.002106,2026-07-29 10:56:01.0
BS101303,용산구,버스정류소_대한노인회,공덕동 139-112 대한노인회(03-238),5-1. 버스정류소(국비),버스정류소(국비_KT_LTE),과기부WiFi,임대망,2021,실외,37.543568,126.957695,2026-07-29 10:56:01.0
BS101304,용산구,버스정류소_서빙고초등학교,서빙고동 235-1학 서빙고초등학교(03-268),5-1. 버스정류소(국비),버스정류소(국비_KT_LTE),과기부WiFi,임대망,2021,실외,37.52117,126.99089,2026-07-29 10:56:01.0
BS101305,용산구,버스정류소_한강중학교,서빙고동 10-2 한강중학교(03-269),5-1. 버스정류소(국비),버스정류소(국비_KT_LTE),과기부WiFi,임대망,2021,실외,37.52486,126.99126,2026-07-29 10:56:01.0
BS101306,용산구,버스정류소_금호베스트빌앞,서빙고동 4-139 금호베스트빌앞(03-270),5-1. 버스정류소(국비),버스정류소(국비_KT_LTE),과기부WiFi,임대망,2021,실외,37.522617,126.99058,2026-07-29 10:56:01.0
BS101307,용산구,버스정류소_성촌공원.포르쉐센터용산,이촌2 210-5 성촌공원.포르쉐센터용산(03-289),5-1. 버스정류소(국비),버스정류소(국비_KT_LTE),과기부WiFi,임대망,2021,실외,37.529747,126.95435,2026-07-29 10:56:01.0
BS101308,용산구,버스정류소_이촌2동주민센터,이촌로 46 이촌2동주민센터(03-291),5-1. 버스정류소(국비),버스정류소(국비_KT_LTE),과기부WiFi,임대망,2021,실외,37.52794,126.95468,2026-07-29 10:56:01.0
BS101309,용산구,버스정류소_서부이촌동입구,이촌로 105 서부이촌동입구(03-294),5-1. 버스정류소(국비),버스정류소(국비_KT_LTE),과기부WiFi,임대망,2021,실외,37.52372,126.959694,2026-07-29 10:56:01.0
BS101310,용산구,버스정류소_이촌2동강변아파트,이촌동 193-1 이촌2동강변아파트(03-295),5-1. 버스정류소(국비),버스정류소(국비_KT_LTE),과기부WiFi,임대망,2021,실외,37.523445,126.95978,2026-07-29 10:56:01.0
BS101311,용산구,버스정류소_서빙고동금호베스트빌,서빙고로51길 52 서빙고동금호베스트빌(03-323),5-1. 버스정류소(국비),버스정류소(국비_KT_LTE),과기부WiFi,임대망,2021,실외,37.522614,126.99099,2026-07-29 10:56:01.0
BS101312,용산구,버스정류소_서빙고초등학교,서빙고로51길 9 서빙고초등학교(03-336),5-1. 버스정류소(국비),버스정류소(국비_KT_LTE),과기부WiFi,임대망,2021,실외,37.52084,126.99061,2026-07-29 10:56:01.0
BS101313,용산구,버스정류소_신용산역,한강로2가 422-1 신용산역(03-561),5-1. 버스정류소(국비),버스정류소(국비_KT_LTE),과기부WiFi,임대망,2021,실외,37.529915,126.96745,2026-07-29 10:56:01.0
BS101314,용산구,버스정류소_청암자이아파트,삼개로 60 청암자이아파트(03-689),5-1. 버스정류소(국비),버스정류소(국비_KT_LTE),과기부WiFi,임대망,2021,실외,37.534546,126.946556,2026-07-29 10:56:01.0
HG230025,용산구,이촌한강공원,서울시 용산구 이촌동 362-1,3. 공원(한강),서울시(KT_LTE),공공WiFi,임대망,2022,실외,37.51517,126.981285,2026-07-29 10:56:03.0
HG230026,용산구,이촌한강공원,서울시 용산구 이촌동 302-17,3. 공원(한강),서울시(KT_LTE),공공WiFi,임대망,2022,실외,37.5171,126.9708,2026-07-29 10:56:03.0
HG230027,용산구,이촌한강공원,서울시 용산구 이촌동 302-183,3. 공원(한강),서울시(KT_LTE),공공WiFi,임대망,2022,실외,37.518497,126.96672,2026-07-29 10:56:03.0
HG230029,용산구,이촌한강공원,서울시 용산구 보광동 446-1,3. 공원(한강),서울시(KT_LTE),공공WiFi,임대망,2022,실외,37.52388,127.00245,2026-07-29 10:56:03.0
HT210144,용산구,이촌한강공원,이촌동 302-20(이촌 거북선 나룻터),3. 공원(한강),서울시(AP),공공WiFi,자가망,2021,실외,37.517048,126.96904,2026-07-29 10:56:03.0
HT210145,용산구,이촌한강공원,용산구 이촌로72길 62,3. 공원(한강),서울시(AP),공공WiFi,자가망,2021,실외,37.517853,126.97069,2026-07-29 10:56:03.0
SBS210043,용산구,버스정류소_순천향대학병원,,5-2. 버스정류소(시비),버스정류소(시비_KT_LTE),공공WiFi,임대망,2021,실외,37.53639,127.005615,2026-07-29 10:56:04.0
SBS210051,용산구,버스정류소_순천향대학병원.한남오거리,,5-2. 버스정류소(시비),버스정류소(시비_KT_LTE),공공WiFi,임대망,2021,실외,37.535248,127.006065,2026-07-29 10:56:04.0
SBS210141,용산구,버스정류소_서울시중부기술교육원.블루스퀘어,,5-2. 버스정류소(시비),버스정류소(시비_KT_LTE),공공WiFi,임대망,2021,실외,37.541344,127.0034,2026-07-29 10:56:04.0
SBS210144,용산구,버스정류소_한남5거리,,5-2. 버스정류소(시비),버스정류소(시비_KT_LTE),공공WiFi,임대망,2021,실외,37.5314,127.009315,2026-07-29 10:56:04.0
SBS210355,용산구,버스정류소_순천향대학병원,,5-2. 버스정류소(시비),버스정류소(시비_KT_LTE),공공WiFi,임대망,2021,실외,37.535873,127.005684,2026-07-29 10:56:04.0
SBS210410,용산구,버스정류소_한강중학교앞,,5-2. 버스정류소(시비),버스정류소(시비_KT_LTE),공공WiFi,임대망,2021,실외,37.524574,126.992584,2026-07-29 10:56:04.0
SBS210431,용산구,버스정류소_보광동신동아아파트,,5-2. 버스정류소(시비),버스정류소(시비_KT_LTE),공공WiFi,임대망,2021,실외,37.52559,127.00146,2026-07-29 10:56:04.0
SBS210432,용산구,버스정류소_보광동신동아아파트,,5-2. 버스정류소(시비),버스정류소(시비_KT_LTE),공공WiFi,임대망,2021,실외,37.52559,127.00146,2026-07-29 10:56:04.0
SBS210436,용산구,버스정류소_신용산역,,5-2. 버스정류소(시비),버스정류소(시비_KT_LTE),공공WiFi,임대망,2021,실외,37.529987,126.96763,2026-07-29 10:56:04.0
SBS210468,용산구,버스정류소_전쟁기념관,,5-2. 버스정류소(시비),버스정류소(시비_KT_LTE),공공WiFi,임대망,2021,실외,37.534576,126.97733,2026-07-29 10:56:04.0
SBS210483,용산구,버스정류소_원효로3가,,5-2. 버스정류소(시비),버스정류소(시비_KT_LTE),공공WiFi,임대망,2021,실외,37.534054,126.958176,2026-07-29 10:56:04.0
SBS210494,용산구,버스정류소_한강중학교,,5-2. 버스정류소(시비),버스정류소(시비_KT_LTE),공공WiFi,임대망,2021,실외,37.52538,126.99207,2026-07-29 10:56:04.0
SBS210509,용산구,버스정류소_해방촌,,5-2. 버스정류소(시비),버스정류소(시비_KT_LTE),공공WiFi,임대망,2021,실외,37.53771,126.986595,2026-07-29 10:56:04.0
SBS210520,용산구,버스정류소_한남역.용산노인종합복지관,,5-2. 버스정류소(시비),버스정류소(시비_KT_LTE),공공WiFi,임대망,2021,실외,37.530716,127.00767,2026-07-29 10:56:04.0
SBS210537,용산구,버스정류소_용산경찰서,,5-2. 버스정류소(시비),버스정류소(시비_KT_LTE),공공WiFi,임대망,2021,실외,37.540207,126.96902,2026-07-29 10:56:04.0
SBS210554,용산구,버스정류소_용산구청.크라운호텔,,5-2. 버스정류소(시비),버스정류소(시비_KT_LTE),공공WiFi,임대망,2021,실외,37.53025,126.991104,2026-07-29 10:56:04.0
SBS210606,용산구,버스정류소_한남역.용산노인종합복지관,,5-2. 버스정류소(시비),버스정류소(시비_KT_LTE),공공WiFi,임대망,2021,실외,37.531223,127.00671,2026-07-29 10:56:04.0
SBS210633,용산구,버스정류소_서빙고역1번출구,,5-2. 버스정류소(시비),버스정류소(시비_KT_LTE),공공WiFi,임대망,2021,실외,37.52005,126.98947,2026-07-29 10:56:04.0
SBS210637,용산구,버스정류소_용산한신아파트,,5-2. 버스정류소(시비),버스정류소(시비_KT_LTE),공공WiFi,임대망,2021,실외,37.539787,126.98718,2026-07-29 10:56:04.0
SBS210644,용산구,버스정류소_원효로3가,,5-2. 버스정류소(시비),버스정류소(시비_KT_LTE),공공WiFi,임대망,2021,실외,37.53394,126.95824,2026-07-29 10:56:04.0
SBS210727,용산구,버스정류소_숙대입구역.청파동주민센터,,5-2. 버스정류소(시비),버스정류소(시비_KT_LTE),공공WiFi,임대망,2021,실외,37.545433,126.97041,2026-07-29 10:56:04.0
WF110259,용산구,파트너스하우스,한남대로 138,7-1-3. 공공 - 시산하기관,서울시(AP),공공WiFi,임대망,2023,실내,37.540794,127.00472,2026-07-29 10:56:04.0
WF110260,용산구,파트너스하우스,한남대로 138,7-1-3. 공공 - 시산하기관,서울시(AP),공공WiFi,임대망,2023,실내,37.540794,127.00472,2026-07-29 10:56:04.0
WF110261,용산구,파트너스하우스,한남대로 138,7-1-3. 공공 - 시산하기관,서울시(AP),공공WiFi,임대망,2023,실내,37.540794,127.00472,2026-07-29 10:56:04.0
WF110262,용산구,파트너스하우스,한남대로 138,7-1-3. 공공 - 시산하기관,서울시(AP),공공WiFi,임대망,2023,실내,37.540794,127.00472,2026-07-29 10:56:04.0
WF110263,용산구,파트너스하우스,한남대로 138,7-1-3. 공공 - 시산하기관,서울시(AP),공공WiFi,임대망,2023,실내,37.540794,127.00472,2026-07-29 10:56:04.0
WF110264,용산구,파트너스하우스,한남대로 138,7-1-3. 공공 - 시산하기관,서울시(AP),공공WiFi,임대망,2023,실내,37.540794,127.00472,2026-07-29 10:56:04.0
WF110265,용산구,파트너스하우스,한남대로 138,7-1-3. 공공 - 시산하기관,서울시(AP),공공WiFi,임대망,2023,실내,37.540794,127.00472,2026-07-29 10:56:04.0
WF110266,용산구,파트너스하우스,한남대로 138,7-1-3. 공공 - 시산하기관,서울시(AP),공공WiFi,임대망,2023,실내,37.540794,127.00472,2026-07-29 10:56:04.0
WF121811,용산구,숙명여대입구,용산구 청파로47길 25,1. 주요거리,자치구,공공WiFi,자가망,2025,실외,37.54477,126.96897,2026-07-29 10:56:04.0
WF121814,용산구,숙명여대 일대,청파로43길 71,1. 주요거리,서울시(AP),공공WiFi,자가망,2019,실외,37.54406,126.96665,2026-07-29 10:56:04.0
WF121821,용산구,효창공원,효창원로 177-18,3. 공원(하천),서울시(AP),공공WiFi,자가망,2019,실외,37.544907,126.96233,2026-07-29 10:56:04.0
WF121822,용산구,효창공원,효창원로 177-18,3. 공원(하천),서울시(AP),공공WiFi,자가망,2019,실외,37.545082,126.962715,2026-07-29 10:56:04.0
WF121823,용산구,효창공원,효창원로 177-18,3. 공원(하천),자치구,공공WiFi,자가망,2024,실외,37.54671,126.96194,2026-07-29 10:56:04.0
WF121825,용산구,효창공원,효창원로 177-18,3. 공원(하천),서울시(AP),공공WiFi,자가망,2019,실외,37.544907,126.96233,2026-07-29 10:56:04.0
WF132234,용산구,용문시장,새창로 109,2. 전통시장,서울시(AP),공공WiFi,자가망,2019,실외,37.53755,126.96045,2026-07-29 10:56:04.0
WF132236,용산구,용산2가동앞광장,용산구 신흥로 99-15,1. 주요거리,자치구,공공WiFi,자가망,2025,실외,37.544853,126.98503,2026-07-29 10:56:04.0
WF132240,용산구,이촌시장,이촌로65가길 91,2. 전통시장,서울시(AP),공공WiFi,자가망,2019,실외,37.520924,126.975426,2026-07-29 10:56:04.0
WF132242,용산구,후암시장,후암로 47,2. 전통시장,서울시(AP),공공WiFi,자가망,2019,실외,37.550262,126.9772,2026-07-29 10:56:04.0
WF142421,용산구,강변어린이공원,이촌로65가길 51,3. 공원(하천),서울시(AP),공공WiFi,자가망,2019,실외,37.522,126.975,2026-07-29 10:56:04.0
WF142431,용산구,이촌시장,이촌로75길 6,2. 전통시장,서울시(AP),공공WiFi,자가망,2019,실외,37.52,126.975,2026-07-29 10:56:04.0
WF142437,용산구,청파공원,청파로 373,3. 공원(하천),서울시(AP),공공WiFi,자가망,2026,실외,37.553,126.969,2026-07-29 10:56:04.0
WF152525,용산구,경리단길,용산구 회나무로 67,1. 주요거리,자치구,공공WiFi,자가망,2025,실외,37.540348,126.994095,2026-07-29 10:56:04.0
WF162285,용산구,경리단길,용산구 녹사평대로40나길 53,1. 주요거리,자치구,공공WiFi,자가망,2025,실외,37.53687,126.98884,2026-07-29 10:56:04.0
WF162287,용산구,경리단길,용산구 녹사평대로46길 18,1. 주요거리,자치구,공공WiFi,자가망,2025,실외,37.537155,126.98803,2026-07-29 10:56:04.0
WF162289,용산구,경리단길,용산구 녹사평대로46길 33,1. 주요거리,자치구,공공WiFi,자가망,2025,실외,37.53755,126.988556,2026-07-29 10:56:04.0
WF162291,용산구,녹사평역주변,용산구 녹사평대로40길 56,1. 주요거리,자치구,공공WiFi,자가망,2025,실외,37.53437,126.98895,2026-07-29 10:56:04.0
WF162293,용산구,녹사평역주변,용산구 녹사평대로40길 41,1. 주요거리,자치구,공공WiFi,자가망,2025,실외,37.534473,126.988106,2026-07-29 10:56:04.0
WF162297,용산구,녹사평역주변,용산구 녹사평대로40나길 11,1. 주요거리,자치구,공공WiFi,자가망,2025,실외,37.535084,126.98825,2026-07-29 10:56:04.0
WF162299,용산구,새꿈어린이공원,용산구 후암로57길 35-15,3. 공원(하천),자치구,공공WiFi,자가망,2025,실외,37.552414,126.97426,2026-07-29 10:56:04.0
WF162303,용산구,이태원초등학교후문,용산구 녹사평대로40가길 3,1. 주요거리,자치구,공공WiFi,자가망,2025,실외,37.535057,126.987305,2026-07-29 10:56:04.0
WF162305,용산구,이태원역주변,용산구 보광로60길 13,1. 주요거리,자치구,공공WiFi,자가망,2025,실외,37.53398,126.994965,2026-07-29 10:56:04.0
WF162307,용산구,후암시장,용산구 한강대로104길 77,2. 전통시장,자치구,공공WiFi,자가망,2025,실외,37.550404,126.976425,2026-07-29 10:56:04.0
WF171075,용산구,후암시장 3,동자동 19-40,2. 전통시장,자치구,공공WiFi,자가망,2024,실외,37.550583,126.97498,2026-07-29 10:56:04.0
WF171077,용산구,후암시장 4,동자동 23-30,2. 전통시장,자치구,공공WiFi,자가망,2024,실외,37.550224,126.97405,2026-07-29 10:56:04.0
WF171079,용산구,후암시장 5,동자동 35-142,2. 전통시장,자치구,공공WiFi,자가망,2024,실외,37.551243,126.97408,2026-07-29 10:56:04.0
WF171081,용산구,숙대입구역거리5,용산구 남영동 60-3,1. 주요거리,자치구,공공WiFi,자가망,2025,실외,37.54353,126.97321,2026-07-29 10:56:04.0
WF171083,용산구,숙대입구역거리6,용산구 남영동 80-2,1. 주요거리,자치구,공공WiFi,자가망,2025,실외,37.54265,126.97345,2026-07-29 10:56:04.0
WF171085,용산구,효창공원,효창동 3-146,3. 공원(하천),자치구,공공WiFi,자가망,2024,실외,37.546494,126.96031,2026-07-29 10:56:04.0
WF171087,용산구,효창공원,신공덕동 2-585,3. 공원(하천),자치구,공공WiFi,자가망,2024,실외,37.5442,126.9578,2026-07-29 10:56:04.0
WF171089,용산구,효창공원,효창동 3-150,3. 공원(하천),자치구,공공WiFi,자가망,2024,실외,37.546726,126.96222,2026-07-29 10:56:04.0
WF171091,용산구,효창공원,청파동2가 134-1,3. 공원(하천),자치구,공공WiFi,자가망,2024,실외,37.546486,126.96319,2026-07-29 10:56:04.0
WF171093,용산구,아세아항공 직업전문,원효로1가 1-2,1. 주요거리,자치구,공공WiFi,자가망,2024,실외,37.541855,126.96901,2026-07-29 10:56:04.0
WF171095,용산구,청파동마을공원,청파동3가 118-102,3. 공원(하천),자치구,공공WiFi,자가망,2024,실외,37.54293,126.96846,2026-07-29 10:56:04.0
WF171097,용산구,금양초등학교,효창동 5-99,1. 주요거리,자치구,공공WiFi,자가망,2024,실외,37.54032,126.96201,2026-07-29 10:56:04.0
WF171099,용산구,효창공원역앞,용문동 5-65,1. 주요거리,자치구,공공WiFi,자가망,2024,실외,37.539196,126.96105,2026-07-29 10:56:04.0
WF171102,용산구,용문시장,용산구 용문동 38-143,2. 전통시장,자치구,공공WiFi,자가망,2025,실외,37.538105,126.95905,2026-07-29 10:56:04.0
WF171104,용산구,성심여자고등학교,용산구 신창동 88-2,1. 주요거리,자치구,공공WiFi,자가망,2025,실외,37.535255,126.95352,2026-07-29 10:56:04.0
WF171105,용산구,성심여자고등학교 공원,산천동 35-1,1. 주요거리,자치구,공공WiFi,자가망,2024,실외,37.534832,126.95272,2026-07-29 10:56:04.0
WF171107,용산구,신계역사공원,신계동 55,3. 공원(하천),자치구,공공WiFi,자가망,2024,실외,37.535076,126.96626,2026-07-29 10:56:04.0
WF171109,용산구,신계역사공원입구,신계동 55,3. 공원(하천),자치구,공공WiFi,자가망,2024,실외,37.53492,126.96662,2026-07-29 10:56:04.0
WF171111,용산구,문배어린이공원,문배동 24-1,3. 공원(하천),자치구,공공WiFi,자가망,2024,실외,37.536625,126.9698,2026-07-29 10:56:04.0
WF171114,용산구,용산초등학교,한강로1가 275,1. 주요거리,자치구,공공WiFi,자가망,2024,실외,37.53527,126.97291,2026-07-29 10:56:04.0
WF171115,용산구,서울맹학교,한강로1가 292-3,1. 주요거리,자치구,공공WiFi,자가망,2024,실외,37.53432,126.972244,2026-07-29 10:56:04.0
WF171117,용산구,해방촌 거리 1,용산동2가 15-16,1. 주요거리,자치구,공공WiFi,자가망,2024,실외,37.545265,126.98641,2026-07-29 10:56:04.0
WF171119,용산구,해방촌 거리 2,용산동2가 1-575,1. 주요거리,자치구,공공WiFi,자가망,2024,실외,37.546146,126.9848,2026-07-29 10:56:04.0
WF171121,용산구,꿈나무어린이공원,이촌동 301-86,3. 공원(하천),자치구,공공WiFi,자가망,2024,실외,37.520866,126.971886,2026-07-29 10:56:04.0
WF171123,용산구,사촌어린이공원,이촌동 429,3. 공원(하천),자치구,공공WiFi,자가망,2024,실외,37.520622,126.97092,2026-07-29 10:56:04.0
WF171126,용산구,동부이촌동녹지대입구,용산구 한강로3가 66-16,1. 주요거리,자치구,공공WiFi,자가망,2025,실외,37.52187,126.9661,2026-07-29 10:56:04.0
WF171127,용산구,땡땡거리 쪽방촌,한강로3가 40-405,1. 주요거리,자치구,공공WiFi,자가망,2024,실외,37.52363,126.96085,2026-07-29 10:56:04.0
WF171129,용산구,용산전자상가근방1,용산구 신계동 39-32,1. 주요거리,자치구,공공WiFi,자가망,2025,실외,37.53371,126.96165,2026-07-29 10:56:04.0
WF171131,용산구,용산 전자상가 근방 2,한강로3가 23-1,1. 주요거리,자치구,공공WiFi,자가망,2024,실외,37.532093,126.963646,2026-07-29 10:56:04.0
WF171133,용산구,용산 전자상가 근방 3,한강로2가 16-8,1. 주요거리,자치구,공공WiFi,자가망,2024,실외,37.531963,126.96542,2026-07-29 10:56:04.0
WF171136,용산구,이태원 일대,이태원동 녹사평대로26길 51,1. 주요거리,자치구,공공WiFi,자가망,2025,실외,37.531883,126.99215,2026-07-29 10:56:04.0
WF171137,용산구,후암동주민센터,후암동 244-109,7-2-3. 공공 - 동주민센터,자치구,공공WiFi,자가망,2025,실내,37.54865,126.97813,2026-07-29 10:56:04.0
WF171138,용산구,후암동주민센터,후암동 244-109,7-2-3. 공공 - 동주민센터,자치구,공공WiFi,자가망,2025,실내,37.54865,126.97813,2026-07-29 10:56:04.0
WF171139,용산구,용산2가동주민센터,용산동2가 11,7-2-3. 공공 - 동주민센터,자치구,공공WiFi,자가망,2025,실내,37.545994,126.98554,2026-07-29 10:56:04.0
WF171140,용산구,용산2가동주민센터,용산동2가 11,7-2-3. 공공 - 동주민센터,자치구,공공WiFi,자가망,2025,실내,37.545994,126.98554,2026-07-29 10:56:04.0
WF171141,용산구,갈월종합사회복지관,갈월동 51-19,6-1. 복지 - 사회,자치구,공공WiFi,자가망,2025,실내,37.545666,126.974846,2026-07-29 10:56:04.0
WF171142,용산구,갈월종합사회복지관,갈월동 51-19,6-1. 복지 - 사회,자치구,공공WiFi,자가망,2025,실내,37.545666,126.974846,2026-07-29 10:56:04.0
WF171143,용산구,갈월종합사회복지관,갈월동 51-19,6-1. 복지 - 사회,서울시(AP),공공WiFi,자가망,2017,실내,37.545666,126.974846,2026-07-29 10:56:04.0
WF171144,용산구,갈월종합사회복지관,갈월동 51-19,6-1. 복지 - 사회,자치구,공공WiFi,자가망,2025,실내,37.545666,126.974846,2026-07-29 10:56:04.0
WF171145,용산구,갈월종합사회복지관,갈월동 51-19,6-1. 복지 - 사회,자치구,공공WiFi,자가망,2025,실내,37.545666,126.974846,2026-07-29 10:56:04.0
WF171146,용산구,갈월종합사회복지관,갈월동 51-19,6-1. 복지 - 사회,자치구,공공WiFi,자가망,2025,실내,37.545666,126.974846,2026-07-29 10:56:04.0
WF171147,용산구,갈월종합사회복지관,갈월동 51-19,6-1. 복지 - 사회,자치구,공공WiFi,자가망,2025,실내,37.545666,126.974846,2026-07-29 10:56:04.0
WF171148,용산구,갈월종합사회복지관,갈월동 51-19,6-1. 복지 - 사회,자치구,공공WiFi,자가망,2025,실내,37.545666,126.974846,2026-07-29 10:56:04.0
WF171149,용산구,갈월종합사회복지관,갈월동 51-19,6-1. 복지 - 사회,자치구,공공WiFi,자가망,2025,실내,37.545666,126.974846,2026-07-29 10:56:04.0
WF171150,용산구,갈월종합사회복지관,갈월동 51-19,6-1. 복지 - 사회,자치구,공공WiFi,자가망,2025,실내,37.545666,126.974846,2026-07-29 10:56:04.0
WF171151,용산구,청파동주민센터,청파동2가 91-1,7-2-3. 공공 - 동주민센터,자치구,공공WiFi,자가망,2025,실내,37.54538,126.96988,2026-07-29 10:56:04.0
WF171152,용산구,청파동주민센터,청파동2가 91-1,7-2-3. 공공 - 동주민센터,자치구,공공WiFi,자가망,2025,실내,37.54538,126.96988,2026-07-29 10:56:04.0
WF171153,용산구,청파동주민센터,청파동2가 91-1,7-2-3. 공공 - 동주민센터,자치구,공공WiFi,자가망,2025,실내,37.54538,126.96988,2026-07-29 10:56:04.0
WF171154,용산구,청파동주민센터,청파동2가 91-1,7-2-3. 공공 - 동주민센터,자치구,공공WiFi,자가망,2025,실내,37.54538,126.96988,2026-07-29 10:56:04.0
WF171155,용산구,청파동주민센터,청파동2가 91-1,7-2-3. 공공 - 동주민센터,자치구,공공WiFi,자가망,2025,실내,37.54538,126.96988,2026-07-29 10:56:04.0
WF171156,용산구,청파동주민센터,청파동2가 91-1,7-2-3. 공공 - 동주민센터,자치구,공공WiFi,자가망,2025,실내,37.54538,126.96988,2026-07-29 10:56:04.0
WF171157,용산구,청파동주민센터,청파동2가 91-1,7-2-3. 공공 - 동주민센터,자치구,공공WiFi,자가망,2025,실내,37.54538,126.96988,2026-07-29 10:56:04.0
WF171158,용산구,원효로1동주민센터,문배동 19-2,7-2-3. 공공 - 동주민센터,자치구,공공WiFi,자가망,2025,실내,37.537167,126.967674,2026-07-29 10:56:04.0
WF171159,용산구,원효로1동주민센터,문배동 19-2,7-2-3. 공공 - 동주민센터,자치구,공공WiFi,자가망,2025,실내,37.537167,126.967674,2026-07-29 10:56:04.0
WF171160,용산구,원효로1동주민센터,문배동 19-2,7-2-3. 공공 - 동주민센터,자치구,공공WiFi,자가망,2025,실내,37.537167,126.967674,2026-07-29 10:56:04.0
WF171161,용산구,원효로1동주민센터,문배동 19-2,7-2-3. 공공 - 동주민센터,자치구,공공WiFi,자가망,2025,실내,37.537167,126.967674,2026-07-29 10:56:04.0
WF171162,용산구,원효로1동주민센터,문배동 19-2,7-2-3. 공공 - 동주민센터,자치구,공공WiFi,자가망,2025,실내,37.537167,126.967674,2026-07-29 10:56:04.0
WF171163,용산구,용산구보건분소,원효로1가 26-15,7-2-2. 공공 - 구의회 및 보건소,서울시(AP),공공WiFi,자가망,2017,실내,37.53873,126.965866,2026-07-29 10:56:04.0
WF171164,용산구,용산구보건분소,원효로1가 26-15,7-2-2. 공공 - 구의회 및 보건소,서울시(AP),공공WiFi,자가망,2017,실내,37.53873,126.965866,2026-07-29 10:56:04.0
WF171165,용산구,용산구보건분소,원효로1가 26-15,7-2-2. 공공 - 구의회 및 보건소,서울시(AP),공공WiFi,자가망,2017,실내,37.53873,126.965866,2026-07-29 10:56:04.0
WF171166,용산구,용산구보건분소,원효로1가 26-15,7-2-2. 공공 - 구의회 및 보건소,서울시(AP),공공WiFi,자가망,2017,실내,37.53873,126.965866,2026-07-29 10:56:04.0
WF171167,용산구,원효로2동주민센터,산천동 8-1,7-2-3. 공공 - 동주민센터,자치구,공공WiFi,자가망,2025,실내,37.534313,126.95149,2026-07-29 10:56:04.0
WF171168,용산구,효창동주민센터,효창동 255-5,7-2-3. 공공 - 동주민센터,자치구,공공WiFi,자가망,2025,실내,37.542465,126.961845,2026-07-29 10:56:04.0
WF171169,용산구,효창동주민센터,효창동 255-5,7-2-3. 공공 - 동주민센터,자치구,공공WiFi,자가망,2025,실내,37.542465,126.961845,2026-07-29 10:56:04.0
WF171170,용산구,용문동주민센터,도원동 4-5,7-2-3. 공공 - 동주민센터,자치구,공공WiFi,자가망,2025,실내,37.53892,126.95759,2026-07-29 10:56:04.0
WF171171,용산구,용문동주민센터,도원동 4-5,7-2-3. 공공 - 동주민센터,자치구,공공WiFi,자가망,2025,실내,37.53892,126.95759,2026-07-29 10:56:04.0
WF171172,용산구,한강로동주민센터,한강로2가 187-3,7-2-3. 공공 - 동주민센터,자치구,공공WiFi,자가망,2025,실내,37.52898,126.9695,2026-07-29 10:56:04.0
WF171173,용산구,한강로동주민센터,한강로2가 187-3,7-2-3. 공공 - 동주민센터,자치구,공공WiFi,자가망,2025,실내,37.52898,126.9695,2026-07-29 10:56:04.0
WF171174,용산구,한강로동주민센터,한강로2가 187-3,7-2-3. 공공 - 동주민센터,자치구,공공WiFi,자가망,2025,실내,37.52898,126.9695,2026-07-29 10:56:04.0
WF171175,용산구,한강로동주민센터,한강로2가 187-3,7-2-3. 공공 - 동주민센터,자치구,공공WiFi,자가망,2025,실내,37.52898,126.9695,2026-07-29 10:56:04.0
WF171176,용산구,한강로동주민센터,한강로2가 187-3,7-2-3. 공공 - 동주민센터,자치구,공공WiFi,자가망,2025,실내,37.52898,126.9695,2026-07-29 10:56:04.0
WF171177,용산구,한강로동주민센터,한강로2가 187-3,7-2-3. 공공 - 동주민센터,자치구,공공WiFi,자가망,2025,실내,37.52898,126.9695,2026-07-29 10:56:04.0
WF171178,용산구,한강로동주민센터,한강로2가 187-3,7-2-3. 공공 - 동주민센터,자치구,공공WiFi,자가망,2025,실내,37.52898,126.9695,2026-07-29 10:56:04.0
WF171182,용산구,이촌2동주민센터,이촌동 206-29,7-2-3. 공공 - 동주민센터,자치구,공공WiFi,자가망,2025,실내,37.526253,126.954666,2026-07-29 10:56:04.0
WF171183,용산구,이촌2동주민센터,이촌동 206-29,7-2-3. 공공 - 동주민센터,자치구,공공WiFi,자가망,2025,실내,37.526253,126.954666,2026-07-29 10:56:04.0
WF171184,용산구,이촌2동주민센터,이촌동 206-29,7-2-3. 공공 - 동주민센터,자치구,공공WiFi,자가망,2025,실내,37.526253,126.954666,2026-07-29 10:56:04.0
WF171185,용산구,이촌2동주민센터,이촌동 206-29,7-2-3. 공공 - 동주민센터,자치구,공공WiFi,자가망,2025,실내,37.526253,126.954666,2026-07-29 10:56:04.0
WF171186,용산구,이태원1동주민센터,이태원동 100-3,7-2-3. 공공 - 동주민센터,자치구,공공WiFi,자가망,2025,실내,37.532448,126.99505,2026-07-29 10:56:04.0
WF171187,용산구,이태원1동주민센터,이태원동 100-3,7-2-3. 공공 - 동주민센터,자치구,공공WiFi,자가망,2025,실내,37.532448,126.99505,2026-07-29 10:56:04.0
WF171188,용산구,이태원1동주민센터,이태원동 100-3,7-2-3. 공공 - 동주민센터,자치구,공공WiFi,자가망,2025,실내,37.532448,126.99505,2026-07-29 10:56:04.0
WF171189,용산구,이태원2동주민센터,이태원동 255-54,7-2-3. 공공 - 동주민센터,자치구,공공WiFi,자가망,2025,실내,37.54188,126.99019,2026-07-29 10:56:04.0
WF171190,용산구,이태원2동주민센터,이태원동 255-54,7-2-3. 공공 - 동주민센터,자치구,공공WiFi,자가망,2025,실내,37.54188,126.99019,2026-07-29 10:56:04.0
WF171191,용산구,한남동주민센터,한남동 685-43,7-2-3. 공공 - 동주민센터,자치구,공공WiFi,자가망,2025,실내,37.534557,127.000465,2026-07-29 10:56:04.0
WF171192,용산구,한남동주민센터,한남동 685-43,7-2-3. 공공 - 동주민센터,자치구,공공WiFi,자가망,2025,실내,37.534557,127.000465,2026-07-29 10:56:04.0
WF171193,용산구,한남동주민센터,한남동 685-43,7-2-3. 공공 - 동주민센터,자치구,공공WiFi,자가망,2025,실내,37.534557,127.000465,2026-07-29 10:56:04.0
WF171194,용산구,한남동주민센터,한남동 685-43,7-2-3. 공공 - 동주민센터,자치구,공공WiFi,자가망,2025,실내,37.534557,127.000465,2026-07-29 10:56:04.0
WF171195,용산구,서빙고동주민센터,서빙고동 134,7-2-3. 공공 - 동주민센터,자치구,공공WiFi,자가망,2025,실내,37.52038,126.99464,2026-07-29 10:56:04.0
WF171196,용산구,서빙고동주민센터,서빙고동 134,7-2-3. 공공 - 동주민센터,자치구,공공WiFi,자가망,2025,실내,37.52038,126.99464,2026-07-29 10:56:04.0
WF171197,용산구,서빙고동주민센터,서빙고동 134,7-2-3. 공공 - 동주민센터,자치구,공공WiFi,자가망,2025,실내,37.52038,126.99464,2026-07-29 10:56:04.0
WF171198,용산구,서빙고동주민센터,서빙고동 134,7-2-3. 공공 - 동주민센터,자치구,공공WiFi,자가망,2025,실내,37.52038,126.99464,2026-07-29 10:56:04.0
WF171200,용산구,보광동주민센터,보광동 217-29,7-2-3. 공공 - 동주민센터,자치구,공공WiFi,자가망,2025,실내,37.526245,127.00017,2026-07-29 10:56:04.0
WF171201,용산구,보광동주민센터,보광동 217-29,7-2-3. 공공 - 동주민센터,자치구,공공WiFi,자가망,2025,실내,37.526245,127.00017,2026-07-29 10:56:04.0
WF171202,용산구,청파도서관,서계동 227-1,4. 문화관광,자치구,공공WiFi,자가망,2025,실내,37.55392,126.96755,2026-07-29 10:56:04.0
WF172334,용산구,이태원 일대,이태원동34-14 (전광판 철주),1. 주요거리,자치구,공공WiFi,자가망,2024,실외,37.53402,126.98865,2026-07-29 10:56:05.0
WF172336,용산구,경리단 및 해방촌길,이태원동227-9,1. 주요거리,자치구,공공WiFi,자가망,2024,실외,37.54036,126.99266,2026-07-29 10:56:05.0
WF172338,용산구,남영동작은도서관,갈월동23-1,4. 문화관광,자치구,공공WiFi,자가망,2025,실내,37.545547,126.97325,2026-07-29 10:56:05.0
WF172339,용산구,남영동작은도서관,갈월동23-1,4. 문화관광,자치구,공공WiFi,자가망,2025,실내,37.545547,126.97325,2026-07-29 10:56:05.0
WF172340,용산구,남영동작은도서관,갈월동23-1,4. 문화관광,자치구,공공WiFi,자가망,2025,실내,37.545547,126.97325,2026-07-29 10:56:05.0
WF172341,용산구,이태원 일대,이태원2동406,1. 주요거리,자치구,공공WiFi,자가망,2024,실외,37.535614,126.98704,2026-07-29 10:56:05.0
WF172342,용산구,경리단 및 해방촌길,이태원동225-167,1. 주요거리,자치구,공공WiFi,자가망,2024,실외,37.539413,126.989876,2026-07-29 10:56:05.0
WF172343,용산구,이태원 일대,이태원동130-42,1. 주요거리,자치구,공공WiFi,자가망,2025,실외,37.53332,126.99422,2026-07-29 10:56:05.0
WF172345,용산구,이태원 일대,이태원동72-27,1. 주요거리,자치구,공공WiFi,자가망,2024,실외,37.533955,126.99271,2026-07-29 10:56:05.0
WF172347,용산구,이태원 일대,이태원동34-111,2. 전통시장,자치구,공공WiFi,자가망,2025,실외,37.532932,126.99125,2026-07-29 10:56:05.0
WF172349,용산구,이태원종합시장,이태원동56-9,2. 전통시장,자치구,공공WiFi,자가망,2024,실내,37.533848,126.9901,2026-07-29 10:56:05.0
WF172350,용산구,이태원종합시장,이태원동56-9,2. 전통시장,자치구,공공WiFi,자가망,2024,실내,37.533848,126.9901,2026-07-29 10:56:05.0
WF172351,용산구,이태원종합시장,이태원동56-9,2. 전통시장,자치구,공공WiFi,자가망,2024,실내,37.533848,126.9901,2026-07-29 10:56:05.0
WF172352,용산구,이태원종합시장,이태원동56-9,2. 전통시장,자치구,공공WiFi,자가망,2024,실내,37.533848,126.9901,2026-07-29 10:56:05.0
WF172354,용산구,이태원 일대,이태원동127-11,1. 주요거리,자치구,공공WiFi,자가망,2024,실외,37.534412,126.99463,2026-07-29 10:56:05.0
WF172356,용산구,이태원 일대,한남동682-20,1. 주요거리,자치구,공공WiFi,자가망,2025,실외,37.538227,127.0016,2026-07-29 10:56:05.0
WF172360,용산구,이태원 일대,한남동738-20,1. 주요거리,자치구,공공WiFi,자가망,2024,실외,37.536415,126.99969,2026-07-29 10:56:05.0
WF172362,용산구,이태원 일대,한남동이태원로242,1. 주요거리,자치구,공공WiFi,자가망,2024,실외,37.53626,127.00034,2026-07-29 10:56:05.0
WF172364,용산구,새남터성당,이촌동203-60,1. 주요거리,자치구,공공WiFi,자가망,2024,실외,37.52536,126.95586,2026-07-29 10:56:05.0
WF172367,용산구,새남터성당,이촌동199-1,1. 주요거리,자치구,공공WiFi,자가망,2024,실외,37.524143,126.9565,2026-07-29 10:56:05.0
WF172369,용산구,새남터성당,이촌동199-1,1. 주요거리,자치구,공공WiFi,자가망,2024,실외,37.524918,126.95745,2026-07-29 10:56:05.0
WF172370,용산구,새남터성당,이촌동199-1,1. 주요거리,자치구,공공WiFi,자가망,2024,실외,37.524467,126.95688,2026-07-29 10:56:05.0
WF190927,용산구,용산구여성플라자및다문화가족센터,이태원로 224-19(한남공영주차장 3층),6-5. 복지 - 여성다문화,서울시(AP),공공WiFi,임대망,2019,실내,37.534794,127.00005,2026-07-29 10:56:05.0
WF190928,용산구,용산구여성플라자및다문화가족센터,이태원로 224-19(한남공영주차장 3층),6-5. 복지 - 여성다문화,서울시(AP),공공WiFi,임대망,2019,실내,37.534794,127.00005,2026-07-29 10:56:05.0
WF190929,용산구,용산구여성플라자및다문화가족센터,이태원로 224-19(한남공영주차장 3층),6-5. 복지 - 여성다문화,서울시(AP),공공WiFi,임대망,2019,실내,37.534794,127.00005,2026-07-29 10:56:05.0
WF190931,용산구,영락보린원,후암로 4길 70,6-4. 복지 - 아동청소년,서울시(AP),공공WiFi,임대망,2019,실내,37.54841,126.981316,2026-07-29 10:56:05.0
WF190932,용산구,영락보린원,후암로 4길 70,6-4. 복지 - 아동청소년,서울시(AP),공공WiFi,임대망,2019,실내,37.54841,126.981316,2026-07-29 10:56:05.0
WF190933,용산구,영락보린원,후암로 4길 70,6-4. 복지 - 아동청소년,서울시(AP),공공WiFi,임대망,2019,실내,37.54841,126.981316,2026-07-29 10:56:05.0
WF190934,용산구,영락보린원,후암로 4길 70,6-4. 복지 - 아동청소년,서울시(AP),공공WiFi,임대망,2019,실내,37.54841,126.981316,2026-07-29 10:56:05.0
WF190936,용산구,용산혜심원,소월로2나길18,6-4. 복지 - 아동청소년,서울시(AP),공공WiFi,임대망,2019,실내,37.55337,126.97741,2026-07-29 10:56:05.0
WF190937,용산구,용산혜심원,소월로2나길18,6-4. 복지 - 아동청소년,서울시(AP),공공WiFi,임대망,2019,실내,37.55337,126.97741,2026-07-29 10:56:05.0
WF190938,용산구,용산혜심원,소월로2나길18,6-4. 복지 - 아동청소년,서울시(AP),공공WiFi,임대망,2019,실내,37.55356,126.97738,2026-07-29 10:56:05.0
WF190939,용산구,용산혜심원,소월로2나길18,6-4. 복지 - 아동청소년,서울시(AP),공공WiFi,임대망,2019,실내,37.55337,126.97741,2026-07-29 10:56:05.0
WF190940,용산구,다시서기종합지원센터,한강대로92길6,6-1. 복지 - 사회,서울시(AP),공공WiFi,임대망,2019,실내,37.54564,126.97254,2026-07-29 10:56:05.0
WF190941,용산구,다시서기종합지원센터,한강대로92길6,6-1. 복지 - 사회,서울시(AP),공공WiFi,임대망,2019,실내,37.54564,126.97254,2026-07-29 10:56:05.0
WF190942,용산구,다시서기종합지원센터,한강대로92길6,6-1. 복지 - 사회,서울시(AP),공공WiFi,임대망,2019,실내,37.54564,126.97254,2026-07-29 10:56:05.0
WF190959,용산구,용산구치매안심센터,녹사평대로 150,6-2. 복지 - 노인,서울시(AP),공공WiFi,임대망,2019,실내,37.53242,126.99035,2026-07-29 10:56:05.0
WF190960,용산구,용산구치매안심센터,녹사평대로 150,6-2. 복지 - 노인,서울시(AP),공공WiFi,임대망,2019,실내,37.53242,126.99035,2026-07-29 10:56:05.0
WF190961,용산구,용산구치매안심센터,녹사평대로 150,6-2. 복지 - 노인,서울시(AP),공공WiFi,임대망,2019,실내,37.53242,126.99035,2026-07-29 10:56:05.0
WF190962,용산구,용산구치매안심센터,녹사평대로 150,6-2. 복지 - 노인,서울시(AP),공공WiFi,임대망,2019,실내,37.53242,126.99035,2026-07-29 10:56:05.0
WF190963,용산구,용산구치매안심센터,녹사평대로 150,6-2. 복지 - 노인,서울시(AP),공공WiFi,임대망,2019,실내,37.53242,126.99035,2026-07-29 10:56:05.0
WF191216,용산구,다문화에듀센터 아띠,용산동2가 5-28,7-2-4. 공공 - 구산하기관,서울시(AP),공공WiFi,자가망,2019,실내,37.541656,126.98491,2026-07-29 10:56:05.0
WF191217,용산구,다문화에듀센터 아띠,용산동2가 5-28,7-2-4. 공공 - 구산하기관,서울시(AP),공공WiFi,자가망,2019,실내,37.541656,126.98491,2026-07-29 10:56:05.0
WF191218,용산구,다문화에듀센터 아띠,용산동2가 5-28,7-2-4. 공공 - 구산하기관,서울시(AP),공공WiFi,자가망,2019,실내,37.541656,126.98491,2026-07-29 10:56:05.0
WF191219,용산구,다문화에듀센터 아띠,용산동2가 5-28,7-2-4. 공공 - 구산하기관,서울시(AP),공공WiFi,자가망,2019,실내,37.541656,126.98491,2026-07-29 10:56:05.0
WF191227,용산구,송학당경로당,효창원로37라길 11,6-2. 복지 - 노인,서울시(AP),공공WiFi,임대망,2019,실내,37.537846,126.95814,2026-07-29 10:56:05.0
WF191228,용산구,송학당경로당,효창원로37라길 11,6-2. 복지 - 노인,서울시(AP),공공WiFi,임대망,2019,실내,37.537846,126.95814,2026-07-29 10:56:05.0
WF191230,용산구,용산공예관,한남동 728-10,4. 문화관광,서울시(AP),공공WiFi,임대망,2019,실내,37.53896,127.00206,2026-07-29 10:56:05.0
WF191231,용산구,용산공예관,한남동 728-10,4. 문화관광,서울시(AP),공공WiFi,임대망,2019,실내,37.53896,127.00206,2026-07-29 10:56:05.0
WF191232,용산구,용산공예관,한남동 728-10,4. 문화관광,서울시(AP),공공WiFi,임대망,2019,실내,37.53896,127.00206,2026-07-29 10:56:05.0
WF201645,용산구,한남동별밭작은도서관,대사관로34길 49,4. 문화관광,서울시(AP),공공WiFi,임대망,2020,실내,37.531128,127.00629,2026-07-29 10:56:05.0
WF201646,용산구,한남동별밭작은도서관,대사관로34길 49,4. 문화관광,서울시(AP),공공WiFi,임대망,2020,실내,37.531128,127.00629,2026-07-29 10:56:05.0
WF201647,용산구,용산구자원봉사센터,"청파로49길 34, 3층",7-2-1. 공공 - 구청사 및 별관,서울시(AP),공공WiFi,임대망,2020,실내,37.54546,126.96849,2026-07-29 10:56:05.0
WF201648,용산구,청파어린이영어도서관,"청파로49길 34, 4층",4. 문화관광,서울시(AP),공공WiFi,임대망,2020,실내,37.54541,126.968445,2026-07-29 10:56:05.0
WF201649,용산구,용암어린이영어도서관,신흥로3가길 21-7 2층,4. 문화관광,서울시(AP),공공WiFi,임대망,2020,실내,37.540974,126.98467,2026-07-29 10:56:05.0
WF201650,용산구,용암어린이영어도서관,신흥로3가길 21-7 2층,4. 문화관광,서울시(AP),공공WiFi,임대망,2020,실내,37.540974,126.98467,2026-07-29 10:56:05.0
WF201651,용산구,용산성심모자원,새창로12길 11-3,6-5. 복지 - 여성다문화,서울시(AP),공공WiFi,임대망,2020,실내,37.53909,126.95788,2026-07-29 10:56:05.0
WF201652,용산구,용산성심모자원,새창로12길 11-3,6-5. 복지 - 여성다문화,서울시(AP),공공WiFi,임대망,2020,실내,37.53909,126.95788,2026-07-29 10:56:05.0
WF201653,용산구,용산성심모자원,새창로12길 11-3,6-5. 복지 - 여성다문화,서울시(AP),공공WiFi,임대망,2020,실내,37.53909,126.95788,2026-07-29 10:56:05.0
WF201654,용산구,용산성심모자원,새창로12길 11-3,6-5. 복지 - 여성다문화,서울시(AP),공공WiFi,임대망,2020,실내,37.53909,126.95788,2026-07-29 10:56:05.0
WF201655,용산구,용산성심모자원,새창로12길 11-3,6-5. 복지 - 여성다문화,서울시(AP),공공WiFi,임대망,2020,실내,37.53909,126.95788,2026-07-29 10:56:05.0
WF201656,용산구,용산해오름빌,신흥로 26길 21-3,6-5. 복지 - 여성다문화,서울시(AP),공공WiFi,임대망,2020,실내,37.545677,126.984276,2026-07-29 10:56:05.0
WF201657,용산구,용산해오름빌,신흥로 26길 21-3,6-5. 복지 - 여성다문화,서울시(AP),공공WiFi,임대망,2020,실내,37.545677,126.984276,2026-07-29 10:56:05.0
WF201658,용산구,용산해오름빌,신흥로 26길 21-3,6-5. 복지 - 여성다문화,서울시(AP),공공WiFi,임대망,2020,실내,37.545677,126.984276,2026-07-29 10:56:05.0
WF201659,용산구,용산해오름빌,신흥로 26길 21-3,6-5. 복지 - 여성다문화,서울시(AP),공공WiFi,임대망,2020,실내,37.545677,126.984276,2026-07-29 10:56:05.0
WF201660,용산구,용산문화원,효창원로8길 28,4. 문화관광,서울시(AP),공공WiFi,임대망,2020,실내,37.53338,126.95206,2026-07-29 10:56:05.0
WF201661,용산구,용산문화원,효창원로8길 28,4. 문화관광,서울시(AP),공공WiFi,임대망,2020,실내,37.53338,126.95206,2026-07-29 10:56:05.0
WF201662,용산구,용산문화원,효창원로8길 28,4. 문화관광,서울시(AP),공공WiFi,임대망,2020,실내,37.53338,126.95206,2026-07-29 10:56:05.0
WF201663,용산구,용산문화원,효창원로8길 28,7-3. 공공 - 지역,서울시(AP),공공WiFi,임대망,2020,실내,37.53338,126.95206,2026-07-29 10:56:05.0
WF201664,용산구,장애인커뮤니티센터,서빙고로 245,6-3. 복지 - 장애인,서울시(AP),공공WiFi,임대망,2020,실내,37.52044,126.99114,2026-07-29 10:56:05.0
WF201665,용산구,장애인커뮤니티센터,서빙고로 245,6-3. 복지 - 장애인,서울시(AP),공공WiFi,임대망,2020,실내,37.52044,126.99114,2026-07-29 10:56:05.0
WF201666,용산구,장애인커뮤니티센터,서빙고로 245,6-3. 복지 - 장애인,서울시(AP),공공WiFi,임대망,2020,실내,37.52044,126.99114,2026-07-29 10:56:05.0
WF201667,용산구,장애인커뮤니티센터,서빙고로 245,6-3. 복지 - 장애인,서울시(AP),공공WiFi,임대망,2020,실내,37.52044,126.99114,2026-07-29 10:56:05.0
WF201669,용산구,이태원글로벌빌리지센터,이태원로 211,6-5. 복지 - 여성다문화,서울시(AP),공공WiFi,임대망,2020,실내,37.534927,126.99723,2026-07-29 10:56:05.0
WF201672,용산구,꿈나무종합타운(별관),백범로329 (꿈나무종합타운별관-1층 서실),6-4. 복지 - 아동청소년,서울시(AP),공공WiFi,임대망,2020,실내,37.538525,126.96545,2026-07-29 10:56:05.0
WF201673,용산구,꿈나무종합타운(별관),백범로329 (꿈나무종합타운별관-1층 서당입구,6-4. 복지 - 아동청소년,서울시(AP),공공WiFi,임대망,2020,실내,37.538525,126.96545,2026-07-29 10:56:05.0
WF201674,용산구,용산센트럴파크해링턴스퀘어아파트(공공시설동),서빙고로17 (한강로3가 63-70),7-3. 공공 - 지역,서울시(AP),공공WiFi,임대망,2020,실내,37.52581,126.96763,2026-07-29 10:56:05.0
WF201675,용산구,용산센트럴파크해링턴스퀘어아파트(공공시설동),서빙고로17 (한강로3가 63-70),7-3. 공공 - 지역,서울시(AP),공공WiFi,임대망,2020,실내,37.52581,126.96763,2026-07-29 10:56:05.0
WF201676,용산구,용산센트럴파크해링턴스퀘어아파트(공공시설동),서빙고로17 (한강로3가 63-70),7-3. 공공 - 지역,서울시(AP),공공WiFi,임대망,2020,실내,37.52581,126.96763,2026-07-29 10:56:05.0
WF201677,용산구,용산센트럴파크해링턴스퀘어아파트(공공시설동),서빙고로17 (한강로3가 63-70),7-3. 공공 - 지역,서울시(AP),공공WiFi,임대망,2020,실내,37.52581,126.96763,2026-07-29 10:56:05.0
WF201678,용산구,용산센트럴파크해링턴스퀘어아파트(공공시설동),서빙고로17 (한강로3가 63-70),7-3. 공공 - 지역,서울시(AP),공공WiFi,임대망,2020,실내,37.52581,126.96763,2026-07-29 10:56:05.0
WF201679,용산구,용산센트럴파크해링턴스퀘어아파트(공공시설동),서빙고로17 (한강로3가 63-70),7-3. 공공 - 지역,서울시(AP),공공WiFi,임대망,2020,실내,37.52581,126.96763,2026-07-29 10:56:05.0
WF201680,용산구,용산센트럴파크해링턴스퀘어아파트(공공시설동),서빙고로17 (한강로3가 63-70),7-3. 공공 - 지역,서울시(AP),공공WiFi,임대망,2020,실내,37.52581,126.96763,2026-07-29 10:56:05.0
WF201682,용산구,용산센트럴파크해링턴스퀘어아파트(공공시설동),서빙고로17 (한강로3가 63-70),7-3. 공공 - 지역,서울시(AP),공공WiFi,임대망,2020,실내,37.52581,126.96763,2026-07-29 10:56:05.0
WF201683,용산구,용산센트럴파크해링턴스퀘어아파트(공공시설동),서빙고로17 (한강로3가 63-70)63-70,7-3. 공공 - 지역,서울시(AP),공공WiFi,임대망,2020,실내,37.52581,126.96763,2026-07-29 10:56:05.0
WF201684,용산구,용산센트럴파크해링턴스퀘어아파트(공공시설동),서빙고로17 (한강로3가 63-70),7-3. 공공 - 지역,서울시(AP),공공WiFi,임대망,2020,실내,37.52581,126.96763,2026-07-29 10:56:05.0
WF201685,용산구,용산센트럴파크해링턴스퀘어아파트(공공시설동),서빙고로17 (한강로3가 63-70),7-3. 공공 - 지역,서울시(AP),공공WiFi,임대망,2020,실내,37.52581,126.96763,2026-07-29 10:56:05.0
WF201686,용산구,용산센트럴파크해링턴스퀘어아파트(공공시설동),서빙고로17 (한강로3가 63-70),7-3. 공공 - 지역,서울시(AP),공공WiFi,임대망,2020,실내,37.52581,126.96763,2026-07-29 10:56:05.0
WF201687,용산구,용산센트럴파크해링턴스퀘어아파트(공공시설동),서빙고로17 (한강로3가 63-70),7-3. 공공 - 지역,서울시(AP),공공WiFi,임대망,2020,실내,37.52581,126.96763,2026-07-29 10:56:05.0
WF201688,용산구,용산센트럴파크해링턴스퀘어아파트(공공시설동),서빙고로17 (한강로3가 63-70),7-3. 공공 - 지역,서울시(AP),공공WiFi,임대망,2020,실내,37.52581,126.96763,2026-07-29 10:56:05.0
WF201689,용산구,용산센트럴파크해링턴스퀘어아파트(공공시설동),서빙고로17 (한강로3가 63-70),7-3. 공공 - 지역,서울시(AP),공공WiFi,임대망,2020,실내,37.52581,126.96763,2026-07-29 10:56:05.0
WF201690,용산구,용산센트럴파크해링턴스퀘어아파트(공공시설동),서빙고로17 (한강로3가 63-70),7-3. 공공 - 지역,서울시(AP),공공WiFi,임대망,2020,실내,37.52581,126.96763,2026-07-29 10:56:05.0
WF201691,용산구,용산센트럴파크해링턴스퀘어아파트(공공시설동),서빙고로17 (한강로3가 63-70),7-3. 공공 - 지역,서울시(AP),공공WiFi,임대망,2020,실내,37.52581,126.96763,2026-07-29 10:56:05.0
WF201692,용산구,용산구민편의복합시설,한강로3가 63-70,7-3. 공공 - 지역,서울시(단독형),공공WiFi,임대망,2020,실내,37.52581,126.96763,2026-07-29 10:56:05.0
WF201693,용산구,용산구민편의복합시설,한강로3가 63-70,7-3. 공공 - 지역,서울시(단독형),공공WiFi,임대망,2020,실내,37.52581,126.96763,2026-07-29 10:56:05.0
WF250053,용산구,파트너스하우스,한남대로 138,7-1-3. 공공 - 시산하기관,서울시(AP),공공WiFi,임대망,2025,실내,37.540794,127.00472,2026-07-29 10:56:05.0
WF250054,용산구,파트너스하우스,한남대로 138,7-1-3. 공공 - 시산하기관,서울시(AP),공공WiFi,임대망,2025,실내,37.540794,127.00472,2026-07-29 10:56:05.0
WF250072,용산구,용산구보건분소,원효로1가 26-15,7-2-2. 공공 - 구의회 및 보건소,서울시(AP),공공WiFi,자가망,2025,실내,37.53873,126.965866,2026-07-29 10:56:05.0
WF250073,용산구,용산구보건분소,원효로1가 26-15,7-2-2. 공공 - 구의회 및 보건소,서울시(AP),공공WiFi,자가망,2025,실내,37.53873,126.965866,2026-07-29 10:56:05.0
WF250074,용산구,용산구보건분소,원효로1가 26-15,7-2-2. 공공 - 구의회 및 보건소,서울시(AP),공공WiFi,자가망,2025,실내,37.53873,126.965866,2026-07-29 10:56:05.0
WN200001,용산구,용산가족공원,용산동6가 서빙고로 185,3. 공원(하천),서울시(AP),공공WiFi,임대망,2019,실외,37.520863,126.984436,2026-07-29 10:56:05.0
WN200002,용산구,용산가족공원,용산동6가 서빙고로 185,3. 공원(하천),서울시(AP),공공WiFi,임대망,2019,실외,37.521442,126.98432,2026-07-29 10:56:05.0
WN200003,용산구,용산가족공원,용산동6가 서빙고로 185,3. 공원(하천),서울시(AP),공공WiFi,임대망,2019,실외,37.521442,126.98432,2026-07-29 10:56:05.0
WN200004,용산구,용산가족공원,용산동6가 서빙고로 185,3. 공원(하천),서울시(AP),공공WiFi,임대망,2019,실외,37.52355,126.98424,2026-07-29 10:56:05.0
WN200005,용산구,용산가족공원,용산동6가 서빙고로 185,3. 공원(하천),서울시(AP),공공WiFi,임대망,2019,실외,37.52373,126.983604,2026-07-29 10:56:05.0
WN200006,용산구,용산가족공원,용산동6가 서빙고로 185,3. 공원(하천),서울시(AP),공공WiFi,임대망,2019,실외,37.522858,126.98413,2026-07-29 10:56:05.0
WN200007,용산구,용산가족공원,용산동6가 서빙고로 185,3. 공원(하천),서울시(AP),공공WiFi,임대망,2019,실외,37.522545,126.98378,2026-07-29 10:56:05.0
WN200008,용산구,용산가족공원,용산동6가 서빙고로 185,3. 공원(하천),서울시(AP),공공WiFi,임대망,2019,실외,37.52177,126.98349,2026-07-29 10:56:05.0
WN200009,용산구,용산가족공원,용산동6가 서빙고로 185,3. 공원(하천),서울시(AP),공공WiFi,임대망,2019,실외,37.521866,126.98289,2026-07-29 10:56:05.0
YS000001,용산구,용산구청,이태원동 34-87,7-2-1. 공공 - 구청사 및 별관,자치구,공공WiFi,자가망,2023,실내,37.53235,126.987915,2026-07-29 10:56:06.0
YS000002,용산구,용산구보건소,이태원동 34-87,7-2-2. 공공 - 구의회 및 보건소,자치구,공공WiFi,자가망,2023,실내,37.53235,126.987915,2026-07-29 10:56:06.0
YS000003,용산구,용산구보건소,이태원동 34-87,7-2-2. 공공 - 구의회 및 보건소,자치구,공공WiFi,자가망,2023,실내,37.53235,126.987915,2026-07-29 10:56:06.0
YS000004,용산구,용산구청,이태원동 34-87,7-2-1. 공공 - 구청사 및 별관,자치구,공공WiFi,자가망,2023,실내,37.53235,126.987915,2026-07-29 10:56:06.0
YS000005,용산구,용산구청,이태원동 34-87,7-2-1. 공공 - 구청사 및 별관,자치구,공공WiFi,자가망,2023,실내,37.53235,126.987915,2026-07-29 10:56:06.0
YS000006,용산구,용산구청,이태원동 34-87,7-2-1. 공공 - 구청사 및 별관,자치구,공공WiFi,자가망,2023,실내,37.53235,126.987915,2026-07-29 10:56:06.0
YS000007,용산구,용산구청,이태원동 34-87,7-2-1. 공공 - 구청사 및 별관,자치구,공공WiFi,자가망,2023,실내,37.53235,126.987915,2026-07-29 10:56:06.0
YS000008,용산구,용산구의회,이태원동 34-87,7-2-2. 공공 - 구의회 및 보건소,자치구,공공WiFi,자가망,2023,실내,37.53235,126.987915,2026-07-29 10:56:06.0
YS000009,용산구,용산구의회,이태원동 34-87,7-2-2. 공공 - 구의회 및 보건소,자치구,공공WiFi,자가망,2023,실내,37.53235,126.987915,2026-07-29 10:56:06.0
YS000010,용산구,용산구의회,이태원동 34-87,7-2-2. 공공 - 구의회 및 보건소,자치구,공공WiFi,자가망,2023,실내,37.53235,126.987915,2026-07-29 10:56:06.0
YS000011,용산구,용산구청,이태원동 34-87,7-2-1. 공공 - 구청사 및 별관,자치구,공공WiFi,자가망,2023,실내,37.53235,126.987915,2026-07-29 10:56:06.0
YS000012,용산구,용산구청,이태원동 34-87,7-2-1. 공공 - 구청사 및 별관,자치구,공공WiFi,자가망,2023,실내,37.53235,126.987915,2026-07-29 10:56:06.0
YS000013,용산구,용산구청,이태원동 34-87,7-2-1. 공공 - 구청사 및 별관,자치구,공공WiFi,자가망,2023,실내,37.53235,126.987915,2026-07-29 10:56:06.0
YS000014,용산구,용산구청,이태원동 34-87,7-2-1. 공공 - 구청사 및 별관,자치구,공공WiFi,자가망,2023,실내,37.53235,126.987915,2026-07-29 10:56:06.0
YS000015,용산구,용산구보건소,이태원동 34-87,7-2-2. 공공 - 구의회 및 보건소,자치구,공공WiFi,자가망,2023,실내,37.53235,126.987915,2026-07-29 10:56:06.0
YS000016,용산구,용산구보건소,이태원동 34-87,7-2-2. 공공 - 구의회 및 보건소,자치구,공공WiFi,자가망,2023,실내,37.53235,126.987915,2026-07-29 10:56:06.0
YS000017,용산구,용산구의회,이태원동 34-87,7-2-2. 공공 - 구의회 및 보건소,자치구,공공WiFi,자가망,2023,실내,37.53235,126.987915,2026-07-29 10:56:06.0
YS000018,용산구,용산구의회,이태원동 34-87,7-2-2. 공공 - 구의회 및 보건소,자치구,공공WiFi,자가망,2023,실내,37.53235,126.987915,2026-07-29 10:56:06.0
YS000019,용산구,용산구청,이태원동 34-87,7-2-1. 공공 - 구청사 및 별관,자치구,공공WiFi,자가망,2023,실내,37.53235,126.987915,2026-07-29 10:56:06.0
YS000020,용산구,용산구청,이태원동 34-87,7-2-1. 공공 - 구청사 및 별관,자치구,공공WiFi,자가망,2023,실내,37.53235,126.987915,2026-07-29 10:56:06.0
YS000021,용산구,용산구청,이태원동 34-87,7-2-1. 공공 - 구청사 및 별관,자치구,공공WiFi,자가망,2023,실내,37.53235,126.987915,2026-07-29 10:56:06.0
YS000022,용산구,용산구보건소,이태원동 34-87,7-2-2. 공공 - 구의회 및 보건소,자치구,공공WiFi,자가망,2023,실내,37.53235,126.987915,2026-07-29 10:56:06.0
YS000023,용산구,용산구보건소,이태원동 34-87,7-2-2. 공공 - 구의회 및 보건소,자치구,공공WiFi,자가망,2023,실내,37.53235,126.987915,2026-07-29 10:56:06.0
YS000024,용산구,용산구청,이태원동 34-87,7-2-1. 공공 - 구청사 및 별관,자치구,공공WiFi,자가망,2023,실내,37.53235,126.987915,2026-07-29 10:56:06.0
YS000025,용산구,용산구의회,이태원동 34-87,7-2-2. 공공 - 구의회 및 보건소,자치구,공공WiFi,자가망,2023,실내,37.53235,126.987915,2026-07-29 10:56:06.0
YS000026,용산구,용산구청,이태원동 34-87,7-2-1. 공공 - 구청사 및 별관,자치구,공공WiFi,자가망,2023,실내,37.53235,126.987915,2026-07-29 10:56:06.0
YS000027,용산구,용산구청,이태원동 34-87,7-2-1. 공공 - 구청사 및 별관,자치구,공공WiFi,자가망,2023,실내,37.53235,126.987915,2026-07-29 10:56:06.0
YS000028,용산구,용산구청,이태원동 34-87,7-2-1. 공공 - 구청사 및 별관,자치구,공공WiFi,자가망,2023,실내,37.53235,126.987915,2026-07-29 10:56:06.0
YS000029,용산구,용산구청,이태원동 34-87,7-2-1. 공공 - 구청사 및 별관,자치구,공공WiFi,자가망,2023,실내,37.53235,126.987915,2026-07-29 10:56:06.0
YS000030,용산구,용산구청,이태원동 34-87,7-2-1. 공공 - 구청사 및 별관,자치구,공공WiFi,자가망,2023,실내,37.53235,126.987915,2026-07-29 10:56:06.0
YS000031,용산구,용산구청,이태원동 34-87,7-2-1. 공공 - 구청사 및 별관,자치구,공공WiFi,자가망,2023,실내,37.53235,126.987915,2026-07-29 10:56:06.0
YS000032,용산구,용산구청,이태원동 34-87,7-2-1. 공공 - 구청사 및 별관,자치구,공공WiFi,자가망,2023,실내,37.53235,126.987915,2026-07-29 10:56:06.0
YS000033,용산구,용산구청,이태원동 34-87,7-2-1. 공공 - 구청사 및 별관,자치구,공공WiFi,자가망,2023,실내,37.53235,126.987915,2026-07-29 10:56:06.0
YS000034,용산구,용산구청,이태원동 34-87,7-2-1. 공공 - 구청사 및 별관,자치구,공공WiFi,자가망,2025,실내,37.53235,126.987915,2026-07-29 10:56:06.0
YS000035,용산구,용산구청,이태원동 34-87,7-2-1. 공공 - 구청사 및 별관,자치구,공공WiFi,자가망,2025,실내,37.53235,126.987915,2026-07-29 10:56:06.0
YS000036,용산구,용산구청,이태원동 34-87,7-2-1. 공공 - 구청사 및 별관,자치구,공공WiFi,자가망,2025,실내,37.53235,126.987915,2026-07-29 10:56:06.0
YS000037,용산구,용산구청,이태원동 34-87,7-2-1. 공공 - 구청사 및 별관,자치구,공공WiFi,자가망,2025,실내,37.53235,126.987915,2026-07-29 10:56:06.0
YS000038,용산구,용산구청,이태원동 34-87,7-2-1. 공공 - 구청사 및 별관,자치구,공공WiFi,자가망,2025,실내,37.53235,126.987915,2026-07-29 10:56:06.0
YS000039,용산구,용산구청,이태원동 34-87,7-2-1. 공공 - 구청사 및 별관,자치구,공공WiFi,자가망,2025,실내,37.53235,126.987915,2026-07-29 10:56:06.0
YS000040,용산구,용산구청,이태원동 34-87,7-2-1. 공공 - 구청사 및 별관,자치구,공공WiFi,자가망,2025,실내,37.53235,126.987915,2026-07-29 10:56:06.0
YS000041,용산구,용산구청,이태원동 34-87,7-2-1. 공공 - 구청사 및 별관,자치구,공공WiFi,자가망,2025,실내,37.53235,126.987915,2026-07-29 10:56:06.0
YS000042,용산구,용산구청,이태원동 34-87,7-2-1. 공공 - 구청사 및 별관,자치구,공공WiFi,자가망,2025,실내,37.53235,126.987915,2026-07-29 10:56:06.0
YS000043,용산구,용산구청,이태원동 34-87,7-2-1. 공공 - 구청사 및 별관,자치구,공공WiFi,자가망,2025,실내,37.53235,126.987915,2026-07-29 10:56:06.0
YS000044,용산구,용산구청,이태원동 34-87,7-2-1. 공공 - 구청사 및 별관,자치구,공공WiFi,자가망,2025,실내,37.53235,126.987915,2026-07-29 10:56:06.0
YS000045,용산구,용산구청,이태원동 34-87,7-2-1. 공공 - 구청사 및 별관,자치구,공공WiFi,자가망,2025,실내,37.53235,126.987915,2026-07-29 10:56:06.0
YS000046,용산구,용산구청,이태원동 34-87,7-2-1. 공공 - 구청사 및 별관,자치구,공공WiFi,자가망,2025,실내,37.53235,126.987915,2026-07-29 10:56:06.0
YS000047,용산구,용산구청,이태원동 34-87,7-2-1. 공공 - 구청사 및 별관,자치구,공공WiFi,자가망,2025,실내,37.53235,126.987915,2026-07-29 10:56:06.0
YS000048,용산구,용산구청,이태원동 34-87,7-2-1. 공공 - 구청사 및 별관,자치구,공공WiFi,자가망,2025,실내,37.53235,126.987915,2026-07-29 10:56:06.0
YS000049,용산구,용산구청,이태원동 34-87,7-2-1. 공공 - 구청사 및 별관,자치구,공공WiFi,자가망,2025,실내,37.53235,126.987915,2026-07-29 10:56:06.0
YS000050,용산구,용산구청,이태원동 34-87,7-2-1. 공공 - 구청사 및 별관,자치구,공공WiFi,자가망,2025,실내,37.53235,126.987915,2026-07-29 10:56:06.0
YS000051,용산구,용산구청,이태원동 34-87,7-2-1. 공공 - 구청사 및 별관,자치구,공공WiFi,자가망,2025,실내,37.53235,126.987915,2026-07-29 10:56:06.0
YS000052,용산구,용산구청,이태원동 34-87,7-2-1. 공공 - 구청사 및 별관,자치구,공공WiFi,자가망,2025,실내,37.53235,126.987915,2026-07-29 10:56:06.0
YS000053,용산구,용산구청,이태원동 34-87,7-2-1. 공공 - 구청사 및 별관,자치구,공공WiFi,자가망,2017,실내,37.53235,126.987915,2026-07-29 10:56:06.0
YS000054,용산구,용산구청,이태원동 34-87,7-2-1. 공공 - 구청사 및 별관,자치구,공공WiFi,자가망,2017,실내,37.53235,126.987915,2026-07-29 10:56:06.0
YS000055,용산구,용산구청,이태원동 34-87,7-2-1. 공공 - 구청사 및 별관,자치구,공공WiFi,자가망,2017,실내,37.53235,126.987915,2026-07-29 10:56:06.0
YS000056,용산구,용산구청,이태원동 34-87,7-2-1. 공공 - 구청사 및 별관,자치구,공공WiFi,자가망,2017,실내,37.53235,126.987915,2026-07-29 10:56:06.0
YS000057,용산구,용산구청,이태원동 34-87,7-2-1. 공공 - 구청사 및 별관,자치구,공공WiFi,자가망,2017,실내,37.53235,126.987915,2026-07-29 10:56:06.0
YS000058,용산구,용산구청,이태원동 34-87,7-2-1. 공공 - 구청사 및 별관,자치구,공공WiFi,자가망,2017,실내,37.53235,126.987915,2026-07-29 10:56:06.0
YS000059,용산구,용산구청,이태원동 34-87,7-2-1. 공공 - 구청사 및 별관,자치구,공공WiFi,자가망,2017,실내,37.53235,126.987915,2026-07-29 10:56:06.0
YS000060,용산구,용산구청,이태원동 34-87,7-2-1. 공공 - 구청사 및 별관,자치구,공공WiFi,자가망,2017,실내,37.53235,126.987915,2026-07-29 10:56:06.0
YS000061,용산구,용산구청,이태원동 34-87,7-2-1. 공공 - 구청사 및 별관,자치구,공공WiFi,자가망,2017,실내,37.53235,126.987915,2026-07-29 10:56:06.0
YS000062,용산구,용산구청,이태원동 34-87,7-2-1. 공공 - 구청사 및 별관,자치구,공공WiFi,자가망,2017,실내,37.53235,126.987915,2026-07-29 10:56:06.0
YS000064,용산구,용산구청,이태원동 34-87,7-2-1. 공공 - 구청사 및 별관,자치구,공공WiFi,자가망,2017,실내,37.53235,126.987915,2026-07-29 10:56:06.0
YS000065,용산구,용산구청,이태원동 34-87,7-2-1. 공공 - 구청사 및 별관,자치구,공공WiFi,자가망,2017,실내,37.53235,126.987915,2026-07-29 10:56:06.0
YS000066,용산구,용산구청,이태원동 34-87,7-2-1. 공공 - 구청사 및 별관,자치구,공공WiFi,자가망,2022,실내,37.53235,126.987915,2026-07-29 10:56:06.0
YS000067,용산구,용산구청,이태원동 34-87,7-2-1. 공공 - 구청사 및 별관,자치구,공공WiFi,자가망,2023,실내,37.53235,126.987915,2026-07-29 10:56:06.0
YS000068,용산구,용산구청,이태원동 34-87,7-2-1. 공공 - 구청사 및 별관,자치구,공공WiFi,자가망,2022,실내,37.53235,126.987915,2026-07-29 10:56:06.0
YS000069,용산구,용산구보건소,이태원동 34-87,7-2-1. 공공 - 구청사 및 별관,자치구,공공WiFi,자가망,2023,실내,37.53235,126.987915,2026-07-29 10:56:06.0
YS000070,용산구,용산구의회,이태원동 34-87,7-2-2. 공공 - 구의회 및 보건소,자치구,공공WiFi,자가망,2023,실내,37.53235,126.987915,2026-07-29 10:56:06.0
YS000071,용산구,용산구의회,이태원동 34-87,7-2-2. 공공 - 구의회 및 보건소,자치구,공공WiFi,자가망,2023,실내,37.53235,126.987915,2026-07-29 10:56:06.0
YS000072,용산구,용산구청,이태원동 34-87,7-2-1. 공공 - 구청사 및 별관,자치구,공공WiFi,자가망,2023,실내,37.53235,126.987915,2026-07-29 10:56:06.0
YS010001,용산구,후암동주민센터,후암동 244-109,7-2-3. 공공 - 동주민센터,자치구,공공WiFi,자가망,2023,실내,37.54862,126.97811,2026-07-29 10:56:06.0
YS010002,용산구,후암동주민센터,후암동 244-109,7-2-3. 공공 - 동주민센터,자치구,공공WiFi,자가망,2023,실내,37.54862,126.97811,2026-07-29 10:56:06.0
YS020001,용산구,용산2가동주민센터,용산동2가 11,7-2-3. 공공 - 동주민센터,자치구,공공WiFi,자가망,2023,실내,37.546043,126.98336,2026-07-29 10:56:06.0
YS030001,용산구,남영동주민센터,갈월동 51-19,7-2-3. 공공 - 동주민센터,자치구,공공WiFi,자가망,2023,실내,37.54556,126.97274,2026-07-29 10:56:06.0
YS040001,용산구,청파동주민센터,청파동 2가 91-1,7-2-3. 공공 - 동주민센터,자치구,공공WiFi,자가망,2023,실내,37.545403,126.9677,2026-07-29 10:56:06.0
YS040002,용산구,청파동주민센터,청파동 2가 91-1,7-2-3. 공공 - 동주민센터,자치구,공공WiFi,자가망,2023,실내,37.545403,126.9677,2026-07-29 10:56:06.0
YS040010,용산구,청파도서관,서계동 227-1,7-2-3. 공공 - 동주민센터,자치구,공공WiFi,자가망,2023,실내,37.52626,126.95471,2026-07-29 10:56:06.0
YS040011,용산구,청파도서관,서계동 227-1,7-2-3. 공공 - 동주민센터,자치구,공공WiFi,자가망,2023,실내,37.52626,126.95471,2026-07-29 10:56:06.0
YS050001,용산구,원효로1동주민센터,문배동 19-2,7-2-3. 공공 - 동주민센터,자치구,공공WiFi,자가망,2023,실내,37.53719,126.96772,2026-07-29 10:56:06.0
YS050002,용산구,원효로1동주민센터,문배동 19-2,7-2-3. 공공 - 동주민센터,자치구,공공WiFi,자가망,2023,실내,37.53719,126.96772,2026-07-29 10:56:06.0
YS060001,용산구,원효로2동주민센터,산천동 8-1,7-2-3. 공공 - 동주민센터,자치구,공공WiFi,자가망,2023,실내,37.53432,126.94931,2026-07-29 10:56:06.0
YS060002,용산구,원효로2동주민센터,산천동 8-1,7-2-3. 공공 - 동주민센터,자치구,공공WiFi,자가망,2023,실내,37.53432,126.94931,2026-07-29 10:56:06.0
YS060003,용산구,원효로2동주민센터,산천동 8-1,7-2-3. 공공 - 동주민센터,자치구,공공WiFi,자가망,2023,실내,37.53432,126.94931,2026-07-29 10:56:06.0
YS070001,용산구,효창동주민센터,효창동 255-5,7-2-3. 공공 - 동주민센터,자치구,공공WiFi,자가망,2023,실내,37.542484,126.95964,2026-07-29 10:56:06.0
YS070002,용산구,효창동주민센터,효창동 255-5,7-2-3. 공공 - 동주민센터,자치구,공공WiFi,자가망,2023,실내,37.542484,126.95964,2026-07-29 10:56:06.0
YS080001,용산구,용문동주민센터,도원동 4-5,7-2-3. 공공 - 동주민센터,자치구,공공WiFi,자가망,2023,실내,37.538933,126.95539,2026-07-29 10:56:06.0
YS080002,용산구,용문동주민센터,도원동 4-5,7-2-3. 공공 - 동주민센터,자치구,공공WiFi,자가망,2023,실내,37.538933,126.95539,2026-07-29 10:56:06.0
YS090001,용산구,한강로동주민센터,한강로2가 187-3,7-2-3. 공공 - 동주민센터,자치구,공공WiFi,자가망,2023,실내,37.52626,126.95471,2026-07-29 10:56:06.0
YS090009,용산구,삼각지청소차고지,한강로2가 2-275,7-2-1. 공공 - 구청사 및 별관,자치구,공공WiFi,자가망,2023,실내,37.53449,126.97073,2026-07-29 10:56:06.0
YS100001,용산구,이촌1동주민센터,이촌동 301-179,7-2-3. 공공 - 동주민센터,자치구,공공WiFi,자가망,2023,실내,37.521378,126.97101,2026-07-29 10:56:06.0
YS100002,용산구,이촌1동주민센터,이촌동 301-179,7-2-3. 공공 - 동주민센터,자치구,공공WiFi,자가망,2023,실내,37.521378,126.97101,2026-07-29 10:56:06.0
YS110001,용산구,이촌2동주민센터,이촌동 206-2,7-2-3. 공공 - 동주민센터,자치구,공공WiFi,자가망,2023,실내,37.52626,126.95471,2026-07-29 10:56:06.0
YS120001,용산구,이태원1동주민센터,이태원동 100-3,7-2-3. 공공 - 동주민센터,자치구,공공WiFi,자가망,2023,실내,37.53246,126.99289,2026-07-29 10:56:06.0
YS120002,용산구,이태원1동주민센터,이태원동 100-3,7-2-3. 공공 - 동주민센터,자치구,공공WiFi,자가망,2023,실내,37.53246,126.99289,2026-07-29 10:56:06.0
YS130001,용산구,이태원2동주민센터,이태원동 255-54,7-2-3. 공공 - 동주민센터,자치구,공공WiFi,자가망,2023,실내,37.541904,126.988,2026-07-29 10:56:06.0
YS140001,용산구,한남동주민센터,한남동 685-43,7-2-3. 공공 - 동주민센터,자치구,공공WiFi,자가망,2023,실내,37.534573,126.998276,2026-07-29 10:56:06.0
YS140002,용산구,한남동주민센터,한남동 685-43,7-2-3. 공공 - 동주민센터,자치구,공공WiFi,자가망,2023,실내,37.534573,126.998276,2026-07-29 10:56:06.0
YS150001,용산구,서빙고동주민센터,서빙고동 134,7-2-3. 공공 - 동주민센터,자치구,공공WiFi,자가망,2023,실내,37.520405,126.99245,2026-07-29 10:56:06.0
YS150002,용산구,서빙고동주민센터,서빙고동 134,7-2-3. 공공 - 동주민센터,자치구,공공WiFi,자가망,2023,실내,37.520405,126.99245,2026-07-29 10:56:06.0
YS160001,용산구,보광동주민센터,보광동 217-29,7-2-3. 공공 - 동주민센터,자치구,공공WiFi,자가망,2023,실내,37.5262,127.00013,2026-07-29 10:56:06.0
YS160002,용산구,보광동주민센터,보광동 217-29,7-2-3. 공공 - 동주민센터,자치구,공공WiFi,자가망,2023,실내,37.5262,127.00013,2026-07-29 10:56:06.0
YS160003,용산구,보광동주민센터,보광동 217-29,7-2-3. 공공 - 동주민센터,자치구,공공WiFi,자가망,2023,실내,37.520405,126.99245,2026-07-29 10:56:06.0
YS170001,용산구,꿈나무종합타운,원효로 1가 25,6-4. 복지 - 아동청소년,자치구,공공WiFi,자가망,2017,실내,37.53883,126.96536,2026-07-29 10:56:06.0
YS170002,용산구,꿈나무종합타운,원효로 1가 25,6-4. 복지 - 아동청소년,자치구,공공WiFi,자가망,2017,실내,37.53883,126.96536,2026-07-29 10:56:06.0
YS170003,용산구,꿈나무종합타운,원효로 1가 25,6-4. 복지 - 아동청소년,자치구,공공WiFi,자가망,2017,실내,37.53883,126.96536,2026-07-29 10:56:06.0
YS170004,용산구,꿈나무종합타운,원효로 1가 25,6-4. 복지 - 아동청소년,자치구,공공WiFi,자가망,2017,실내,37.53883,126.96536,2026-07-29 10:56:06.0
YS170005,용산구,꿈나무종합타운,원효로 1가 25,6-4. 복지 - 아동청소년,자치구,공공WiFi,자가망,2017,실내,37.53883,126.96536,2026-07-29 10:56:06.0
YS170006,용산구,꿈나무종합타운,원효로 1가 25,6-4. 복지 - 아동청소년,자치구,공공WiFi,자가망,2017,실내,37.53883,126.96536,2026-07-29 10:56:06.0
YS170007,용산구,꿈나무종합타운,원효로 1가 25,6-4. 복지 - 아동청소년,자치구,공공WiFi,자가망,2017,실내,37.53883,126.96536,2026-07-29 10:56:06.0
YS170008,용산구,꿈나무종합타운,원효로 1가 25,6-4. 복지 - 아동청소년,자치구,공공WiFi,자가망,2017,실내,37.53883,126.96536,2026-07-29 10:56:06.0
YS170009,용산구,꿈나무종합타운,원효로 1가 25,6-4. 복지 - 아동청소년,자치구,공공WiFi,자가망,2017,실내,37.53883,126.96536,2026-07-29 10:56:06.0
YS170010,용산구,꿈나무종합타운,원효로 1가 25,6-4. 복지 - 아동청소년,자치구,공공WiFi,자가망,2017,실내,37.53883,126.96536,2026-07-29 10:56:06.0
YS170011,용산구,꿈나무종합타운,원효로 1가 25,6-4. 복지 - 아동청소년,자치구,공공WiFi,자가망,2017,실내,37.53883,126.96536,2026-07-29 10:56:06.0
YS170012,용산구,꿈나무종합타운,원효로 1가 25,6-4. 복지 - 아동청소년,자치구,공공WiFi,자가망,2017,실내,37.53883,126.96536,2026-07-29 10:56:06.0
YS170013,용산구,꿈나무종합타운,원효로 1가 25,6-4. 복지 - 아동청소년,자치구,공공WiFi,자가망,2017,실내,37.53883,126.96536,2026-07-29 10:56:06.0
YS170014,용산구,꿈나무종합타운,원효로 1가 25,6-4. 복지 - 아동청소년,자치구,공공WiFi,자가망,2017,실내,37.53883,126.96536,2026-07-29 10:56:06.0
YS170015,용산구,꿈나무종합타운,원효로 1가 25,6-4. 복지 - 아동청소년,자치구,공공WiFi,자가망,2017,실내,37.53883,126.96536,2026-07-29 10:56:06.0
YS170016,용산구,꿈나무종합타운,원효로 1가 25,6-4. 복지 - 아동청소년,자치구,공공WiFi,자가망,2017,실내,37.53883,126.96536,2026-07-29 10:56:06.0
YS170017,용산구,꿈나무종합타운,원효로 1가 25,6-4. 복지 - 아동청소년,자치구,공공WiFi,자가망,2017,실내,37.53883,126.96536,2026-07-29 10:56:06.0
YS170018,용산구,꿈나무종합타운,원효로 1가 25,6-4. 복지 - 아동청소년,자치구,공공WiFi,자가망,2017,실내,37.53883,126.96536,2026-07-29 10:56:06.0
YS170019,용산구,꿈나무종합타운,원효로 1가 25,6-4. 복지 - 아동청소년,자치구,공공WiFi,자가망,2017,실내,37.53883,126.96536,2026-07-29 10:56:06.0
YS170020,용산구,꿈나무종합타운,원효로 1가 25,6-4. 복지 - 아동청소년,자치구,공공WiFi,자가망,2017,실내,37.53883,126.96536,2026-07-29 10:56:06.0
YS170021,용산구,꿈나무종합타운,원효로 1가 25,6-4. 복지 - 아동청소년,자치구,공공WiFi,자가망,2017,실내,37.53883,126.96536,2026-07-29 10:56:06.0
YS170022,용산구,꿈나무종합타운,원효로 1가 25,6-4. 복지 - 아동청소년,자치구,공공WiFi,자가망,2017,실내,37.53883,126.96536,2026-07-29 10:56:06.0
YS170023,용산구,꿈나무종합타운,원효로 1가 25,6-4. 복지 - 아동청소년,자치구,공공WiFi,자가망,2017,실내,37.53883,126.96536,2026-07-29 10:56:06.0
YS170024,용산구,꿈나무종합타운,원효로 1가 25,6-4. 복지 - 아동청소년,자치구,공공WiFi,자가망,2017,실내,37.53883,126.96536,2026-07-29 10:56:06.0
YS180001,용산구,용산구보건분소,원효로1가 26-15,7-2-2. 공공 - 구의회 및 보건소,자치구,공공WiFi,자가망,2023,실내,37.53875,126.96589,2026-07-29 10:56:06.0
YS180002,용산구,노동자종합지원센터,원효로97길 30,6-1. 복지 - 사회,자치구,공공WiFi,자가망,2022,실내,37.54212,126.96893,2026-07-29 10:56:06.0
YS180003,용산구,노동자종합지원센터,원효로97길 30,6-1. 복지 - 사회,자치구,공공WiFi,자가망,2022,실내,37.54212,126.96893,2026-07-29 10:56:06.0
YS240001,용산구,한강로동주민센터,한강대로 38길 28,7-2-3. 공공 - 동주민센터,자치구,공공WiFi,자가망,2024,실내,37.52814,126.96923,2026-07-29 10:56:06.0
YS240002,용산구,보광동주민센터,장문로95,7-2-3. 공공 - 동주민센터,자치구,공공WiFi,자가망,2024,실내,37.526302,127.00018,2026-07-29 10:56:06.0
YS240003,용산구,이태원거리,이태원로 153,1. 주요거리,자치구,공공WiFi,자가망,2024,실외,37.5346,126.99099,2026-07-29 10:56:06.0
YS240004,용산구,이태원거리,이태원로 19길 9,1. 주요거리,자치구,공공WiFi,자가망,2024,실외,37.534897,126.99174,2026-07-29 10:56:06.0
YS240005,용산구,이태원거리,이태원로 179,1. 주요거리,자치구,공공WiFi,자가망,2024,실외,37.534813,126.99374,2026-07-29 10:56:06.0
YS240006,용산구,이태원거리,보광로 126,1. 주요거리,자치구,공공WiFi,자가망,2024,실외,37.534023,126.994225,2026-07-29 10:56:06.0
YS240007,용산구,이태원거리,보광로59길 33,1. 주요거리,자치구,공공WiFi,자가망,2024,실외,37.533825,126.99213,2026-07-29 10:56:06.0
YS240008,용산구,이태원거리,이태원로42길 32,1. 주요거리,자치구,공공WiFi,자가망,2024,실외,37.53603,127.00041,2026-07-29 10:56:06.0
YS240009,용산구,이태원거리,이태원로 230,1. 주요거리,자치구,공공WiFi,자가망,2024,실외,37.535496,126.99929,2026-07-29 10:56:06.0
YS240010,용산구,신흥시장,신흥로 100-5,2. 전통시장,자치구,공공WiFi,자가망,2024,실외,37.545155,126.98465,2026-07-29 10:56:06.0
YS240011,용산구,용리단길,한강대로 40길 9-8,1. 주요거리,자치구,공공WiFi,자가망,2024,실외,37.530563,126.97019,2026-07-29 10:56:06.0
YS240012,용산구,문화체육센터,백범로 350,4. 문화관광,자치구,공공WiFi,자가망,2024,실내,37.537243,126.96763,2026-07-29 10:56:06.0
YS240013,용산구,문화체육센터,백범로 350,4. 문화관광,자치구,공공WiFi,자가망,2024,실내,37.537243,126.96763,2026-07-29 10:56:06.0
YS240014,용산구,서빙고근린공원,용산구 용산동5가 24-2,3. 공원(하천),자치구,공공WiFi,자가망,2024,실외,37.524723,126.97109,2026-07-29 10:56:06.0
YS250001,용산구,용산2가동주민센터,용산구 신흥로 90,7-2-3. 공공 - 동주민센터,자치구,공공WiFi,자가망,2025,실내,37.545994,126.98554,2026-07-29 10:56:06.0
YS250002,용산구,보광동주민센터,용산구 장문로 9,7-2-3. 공공 - 동주민센터,자치구,공공WiFi,자가망,2025,실내,37.526245,127.00017,2026-07-29 10:56:06.0
YS250003,용산구,보광동주민센터,용산구 장문로 95,7-2-3. 공공 - 동주민센터,자치구,공공WiFi,자가망,2025,실내,37.526245,127.00017,2026-07-29 10:56:06.0
YS250004,용산구,용문시장,효창원로42길 38-32,2. 전통시장,자치구,공공WiFi,자가망,2025,실외,37.53688,126.95955,2026-07-29 10:56:06.0
YS250005,용산구,숙대입구거리,청파동2가 60-1,1. 주요거리,자치구,공공WiFi,자가망,2025,실외,37.54577,126.96689,2026-07-29 10:56:06.0
YS250006,용산구,숙대입구거리,청파동2가 53-17,1. 주요거리,자치구,공공WiFi,자가망,2025,실외,37.54567,126.96548,2026-07-29 10:56:06.0
YS250007,용산구,삼광초,후암동 185-14,1. 주요거리,자치구,공공WiFi,자가망,2025,실외,37.54695,126.97605,2026-07-29 10:56:06.0
YS250008,용산구,삼광초,두텁바위로1나길 30,1. 주요거리,자치구,공공WiFi,자가망,2025,실외,37.54687,126.97716,2026-07-29 10:56:06.0
YS250009,용산구,신용산역,한강로2가 311-2,1. 주요거리,자치구,공공WiFi,자가망,2025,실외,37.53069,126.96858,2026-07-29 10:56:06.0
YS250010,용산구,신용산역,한강로2가 2-16,1. 주요거리,자치구,공공WiFi,자가망,2025,실외,37.530968,126.96814,2026-07-29 10:56:06.0
서울-0365,용산구,이태원역,서울특별시 용산구 이태원로 19길 14번지,1. 주요거리,디지털뉴딜(KT),과기부WiFi(핫플레이스),임대망,2022,실외,37.53555,126.99167,2026-07-29 10:56:06.0
서울-0366,용산구,이태원역,서울특별시 용산구 이태원로 27가길 45,1. 주요거리,디지털뉴딜(KT),과기부WiFi(핫플레이스),임대망,2022,실외,37.534943,126.99266,2026-07-29 10:56:06.0
서울-0367,용산구,이태원역,서울특별시 용산구 이태원로 27가길 45,1. 주요거리,디지털뉴딜(KT),과기부WiFi(핫플레이스),임대망,2022,실외,37.534943,126.99266,2026-07-29 10:56:06.0
서울-0368,용산구,이태원역,서울특별시 용산구 이태원로 27가길 16,1. 주요거리,디지털뉴딜(KT),과기부WiFi(핫플레이스),임대망,2022,실외,37.534977,126.99441,2026-07-29 10:56:06.0
서울-0369,용산구,이태원역,서울특별시 용산구 이태원로 27가길 16,1. 주요거리,디지털뉴딜(KT),과기부WiFi(핫플레이스),임대망,2022,실외,37.534977,126.99441,2026-07-29 10:56:06.0
서울-0370,용산구,이태원역,서울특별시 용산구 이태원로 27길 6,1. 주요거리,디지털뉴딜(KT),과기부WiFi(핫플레이스),임대망,2022,실외,37.53509,126.995346,2026-07-29 10:56:06.0
서울-0371,용산구,이태원역,서울특별시 용산구 이태원로 197,1. 주요거리,디지털뉴딜(KT),과기부WiFi(핫플레이스),임대망,2022,실외,37.534725,126.99594,2026-07-29 10:56:06.0
서울-0372,용산구,이태원역,서울특별시 용산구 이태원로 197,1. 주요거리,디지털뉴딜(KT),과기부WiFi(핫플레이스),임대망,2022,실외,37.534725,126.99594,2026-07-29 10:56:06.0
서울-0373,용산구,이태원역,서울특별시 용산구 이태원로 197,1. 주요거리,디지털뉴딜(KT),과기부WiFi(핫플레이스),임대망,2022,실외,37.534725,126.99594,2026-07-29 10:56:06.0
서울-0376,용산구,이태원역,서울특별시 용산구 녹사평대로 26가길 1,1. 주요거리,디지털뉴딜(KT),과기부WiFi(핫플레이스),임대망,2022,실외,37.531902,126.99224,2026-07-29 10:56:06.0
서울-0377,용산구,이태원역,서울특별시 용산구 녹사평대로 26가길 1,1. 주요거리,디지털뉴딜(KT),과기부WiFi(핫플레이스),임대망,2022,실외,37.531902,126.99224,2026-07-29 10:56:06.0
서울-0378,용산구,이태원역,서울특별시 용산구 녹사평대로 26가길 1,1. 주요거리,디지털뉴딜(KT),과기부WiFi(핫플레이스),임대망,2022,실외,37.531902,126.99224,2026-07-29 10:56:06.0
서울-0379,용산구,이태원역,서울특별시 용산구 녹사평대로 26길 86,1. 주요거리,디지털뉴딜(KT),과기부WiFi(핫플레이스),임대망,2022,실외,37.53149,126.99439,2026-07-29 10:56:06.0
서울-0380,용산구,이태원역,서울특별시 용산구 녹사평대로 26길 86,1. 주요거리,디지털뉴딜(KT),과기부WiFi(핫플레이스),임대망,2022,실외,37.53149,126.99439,2026-07-29 10:56:06.0
서울-0381,용산구,이태원역,서울특별시 용산구 녹사평대로 26길 86,1. 주요거리,디지털뉴딜(KT),과기부WiFi(핫플레이스),임대망,2022,실외,37.53149,126.99439,2026-07-29 10:56:06.0
서울-0382,용산구,이태원역,서울특별시 용산구 보광로 119,1. 주요거리,디지털뉴딜(KT),과기부WiFi(핫플레이스),임대망,2022,실외,37.53333,126.99427,2026-07-29 10:56:06.0
서울-0383,용산구,이태원역,서울특별시 용산구 보광로 119,1. 주요거리,디지털뉴딜(KT),과기부WiFi(핫플레이스),임대망,2022,실외,37.53333,126.99427,2026-07-29 10:56:06.0
서울-0384,용산구,이태원역,서울특별시 용산구 보광로 119,1. 주요거리,디지털뉴딜(KT),과기부WiFi(핫플레이스),임대망,2022,실외,37.53333,126.99427,2026-07-29 10:56:06.0
서울-0385,용산구,이태원역,서울특별시 용산구 이태원로 45길 16,1. 주요거리,디지털뉴딜(KT),과기부WiFi(핫플레이스),임대망,2022,실외,37.53629,126.998726,2026-07-29 10:56:06.0
서울-0392,용산구,이태원역,서울특별시 용산구 이태원로 266,1. 주요거리,디지털뉴딜(KT),과기부WiFi(핫플레이스),임대망,2022,실외,37.53814,127.001625,2026-07-29 10:56:06.0
서울-0393,용산구,이태원역,서울특별시 용산구 이태원로 266,1. 주요거리,디지털뉴딜(KT),과기부WiFi(핫플레이스),임대망,2022,실외,37.53814,127.001625,2026-07-29 10:56:06.0
서울-0394,용산구,이태원역,서울특별시 용산구 이태원로 266,1. 주요거리,디지털뉴딜(KT),과기부WiFi(핫플레이스),임대망,2022,실외,37.53814,127.001625,2026-07-29 10:56:06.0
서울-0395,용산구,이태원역,서울특별시 용산구 이태원로 54길 13,1. 주요거리,디지털뉴딜(KT),과기부WiFi(핫플레이스),임대망,2022,실외,37.537586,127.002205,2026-07-29 10:56:06.0
서울-0396,용산구,이태원역,서울특별시 용산구 이태원로 54길 13,1. 주요거리,디지털뉴딜(KT),과기부WiFi(핫플레이스),임대망,2022,실외,37.537586,127.002205,2026-07-29 10:56:06.0
서울-0397,용산구,이태원역,서울특별시 용산구 한남대로 27가길 26 앞,1. 주요거리,디지털뉴딜(KT),과기부WiFi(핫플레이스),임대망,2022,실외,37.537857,127.00262,2026-07-29 10:56:06.0
서울-0398,용산구,이태원역,서울특별시 용산구 이태원로 54길 47,1. 주요거리,디지털뉴딜(KT),과기부WiFi(핫플레이스),임대망,2022,실외,37.536343,127.00141,2026-07-29 10:56:06.0
서울-0399,용산구,이태원역,서울특별시 용산구 대사관로11길 57,1. 주요거리,디지털뉴딜(KT),과기부WiFi(핫플레이스),임대망,2022,실외,37.53584,127.00107,2026-07-29 10:56:06.0
서울-0404,용산구,이태원역,서울특별시 용산구 이태원로 42길 54,1. 주요거리,디지털뉴딜(KT),과기부WiFi(핫플레이스),임대망,2022,실외,37.536972,127.00119,2026-07-29 10:56:06.0
서울-0405,용산구,이태원역,서울특별시 용산구 이태원로 42길 54,1. 주요거리,디지털뉴딜(KT),과기부WiFi(핫플레이스),임대망,2022,실외,37.536972,127.00119,2026-07-29 10:56:06.0
서울-0406,용산구,이태원역,서울특별시 용산구 이태원로 280,1. 주요거리,디지털뉴딜(KT),과기부WiFi(핫플레이스),임대망,2022,실외,37.53953,127.001625,2026-07-29 10:56:06.0
서울-0407,용산구,이태원역,서울특별시 용산구 이태원로 280,1. 주요거리,디지털뉴딜(KT),과기부WiFi(핫플레이스),임대망,2022,실외,37.53953,127.001625,2026-07-29 10:56:06.0
서울-0408,용산구,이태원역,서울특별시 용산구 이태원로 280,1. 주요거리,디지털뉴딜(KT),과기부WiFi(핫플레이스),임대망,2022,실외,37.53953,127.001625,2026-07-29 10:56:06.0
서울-0409,용산구,이태원역,서울특별시 용산구 보광로59길 62,1. 주요거리,디지털뉴딜(KT),과기부WiFi(핫플레이스),임대망,2022,실외,37.533676,126.990585,2026-07-29 10:56:06.0
서울-0413,용산구,이태원역,서울특별시 용산구 우사단로 11-1,1. 주요거리,디지털뉴딜(KT),과기부WiFi(핫플레이스),임대망,2022,실외,37.531593,126.996475,2026-07-29 10:56:06.0
서울-0414,용산구,이태원역,서울특별시 용산구 우사단로 11-1,1. 주요거리,디지털뉴딜(KT),과기부WiFi(핫플레이스),임대망,2022,실외,37.531593,126.996475,2026-07-29 10:56:06.0
서울-0449,용산구,경리단및해방촌길,서울특별시 용산구 회나무로 65번지,1. 주요거리,디지털뉴딜(KT),과기부WiFi(핫플레이스),임대망,2022,실외,37.540173,126.99383,2026-07-29 10:56:06.0
서울-0450,용산구,경리단및해방촌길,서울특별시 용산구 회나무로 65번지,1. 주요거리,디지털뉴딜(KT),과기부WiFi(핫플레이스),임대망,2022,실외,37.540173,126.99383,2026-07-29 10:56:06.0
서울-0451,용산구,경리단및해방촌길,서울특별시 용산구 회나무로 65번지,1. 주요거리,디지털뉴딜(KT),과기부WiFi(핫플레이스),임대망,2022,실외,37.540173,126.99383,2026-07-29 10:56:06.0
서울-0452,용산구,경리단및해방촌길,서울특별시 용산구 회나무로 26길 12,1. 주요거리,디지털뉴딜(KT),과기부WiFi(핫플레이스),임대망,2022,실외,37.53972,126.991615,2026-07-29 10:56:06.0
서울-0453,용산구,경리단및해방촌길,서울특별시 용산구 회나무로 26길 12,1. 주요거리,디지털뉴딜(KT),과기부WiFi(핫플레이스),임대망,2022,실외,37.53972,126.991615,2026-07-29 10:56:06.0
서울-0454,용산구,경리단및해방촌길,서울특별시 용산구 회나무로 26길 12,1. 주요거리,디지털뉴딜(KT),과기부WiFi(핫플레이스),임대망,2022,실외,37.53972,126.991615,2026-07-29 10:56:06.0
서울-0455,용산구,경리단및해방촌길,서울특별시 용산구 회나무로 36,1. 주요거리,디지털뉴딜(KT),과기부WiFi(핫플레이스),임대망,2022,실외,37.539658,126.99087,2026-07-29 10:56:06.0
서울-0456,용산구,경리단및해방촌길,서울특별시 용산구 회나무로 36,1. 주요거리,디지털뉴딜(KT),과기부WiFi(핫플레이스),임대망,2022,실외,37.539658,126.99087,2026-07-29 10:56:06.0
서울-0457,용산구,경리단및해방촌길,서울특별시 용산구 회나무로 13길 32,1. 주요거리,디지털뉴딜(KT),과기부WiFi(핫플레이스),임대망,2022,실외,37.540684,126.98962,2026-07-29 10:56:06.0
서울-0458,용산구,경리단및해방촌길,서울특별시 용산구 회나무로 13길 32,1. 주요거리,디지털뉴딜(KT),과기부WiFi(핫플레이스),임대망,2022,실외,37.540684,126.98962,2026-07-29 10:56:06.0
서울-0462,용산구,경리단및해방촌길,서울특별시 용산구 이태원동 627,1. 주요거리,디지털뉴딜(KT),과기부WiFi(핫플레이스),임대망,2022,실외,37.5393,126.98788,2026-07-29 10:56:06.0
서울-0463,용산구,경리단및해방촌길,서울특별시 용산구 이태원동 627,1. 주요거리,디지털뉴딜(KT),과기부WiFi(핫플레이스),임대망,2022,실외,37.5393,126.98788,2026-07-29 10:56:06.0
서울-0464,용산구,경리단및해방촌길,서울특별시 용산구 이태원동 577,1. 주요거리,디지털뉴딜(KT),과기부WiFi(핫플레이스),임대망,2022,실외,37.53791,126.986786,2026-07-29 10:56:06.0
서울-0465,용산구,경리단및해방촌길,서울특별시 용산구 용산동2가 46-3,1. 주요거리,디지털뉴딜(KT),과기부WiFi(핫플레이스),임대망,2022,실외,37.54065,126.9869,2026-07-29 10:56:06.0
서울-0466,용산구,경리단및해방촌길,서울특별시 용산구 용산동2가 46-3,1. 주요거리,디지털뉴딜(KT),과기부WiFi(핫플레이스),임대망,2022,실외,37.54065,126.9869,2026-07-29 10:56:06.0
서울-0467,용산구,경리단및해방촌길,서울특별시 용산구 용산동2가 46-3,1. 주요거리,디지털뉴딜(KT),과기부WiFi(핫플레이스),임대망,2022,실외,37.54065,126.9869,2026-07-29 10:56:06.0
서울-0468,용산구,경리단및해방촌길,서울특별시 용산구 용산동2가 45-5,1. 주요거리,디지털뉴딜(KT),과기부WiFi(핫플레이스),임대망,2022,실외,37.54188,126.98735,2026-07-29 10:56:06.0
서울-0469,용산구,경리단및해방촌길,서울특별시 용산구 용산동2가 45-5,1. 주요거리,디지털뉴딜(KT),과기부WiFi(핫플레이스),임대망,2022,실외,37.54188,126.98735,2026-07-29 10:56:06.0
서울-0474,용산구,경리단및해방촌길,서울특별시 용산구 용산동2가 1-39,1. 주요거리,디지털뉴딜(KT),과기부WiFi(핫플레이스),임대망,2022,실외,37.545803,126.9853,2026-07-29 10:56:06.0
서울-0475,용산구,숙명여대,서울특별시 용산구 청파동2가 134-8,1. 주요거리,디지털뉴딜(KT),과기부WiFi(핫플레이스),임대망,2022,실외,37.546467,126.963486,2026-07-29 10:56:06.0
서울-0476,용산구,숙명여대,서울특별시 용산구 청파동2가 134-8,1. 주요거리,디지털뉴딜(KT),과기부WiFi(핫플레이스),임대망,2022,실외,37.546467,126.963486,2026-07-29 10:56:06.0
서울-0477,용산구,숙명여대,서울특별시 용산구 청파동2가 134-8,1. 주요거리,디지털뉴딜(KT),과기부WiFi(핫플레이스),임대망,2022,실외,37.546467,126.963486,2026-07-29 10:56:06.0
서울-0480,용산구,숙명여대,서울특별시 용산구 청파동3가 111-38,1. 주요거리,디지털뉴딜(KT),과기부WiFi(핫플레이스),임대망,2022,실외,37.544846,126.96689,2026-07-29 10:56:06.0
서울-0481,용산구,숙명여대,서울특별시 용산구 청파동3가 111-38,1. 주요거리,디지털뉴딜(KT),과기부WiFi(핫플레이스),임대망,2022,실외,37.544846,126.96689,2026-07-29 10:56:06.0
서울-0482,용산구,숙명여대,서울특별시 용산구 청파동3가 111-38,1. 주요거리,디지털뉴딜(KT),과기부WiFi(핫플레이스),임대망,2022,실외,37.544846,126.96689,2026-07-29 10:56:06.0
서울-0483,용산구,숙명여대,서울특별시 용산구 청파동2가 72-5,1. 주요거리,디지털뉴딜(KT),과기부WiFi(핫플레이스),임대망,2022,실외,37.544815,126.968735,2026-07-29 10:56:06.0
서울-0484,용산구,숙명여대,서울특별시 용산구 청파동2가 72-5,1. 주요거리,디지털뉴딜(KT),과기부WiFi(핫플레이스),임대망,2022,실외,37.544815,126.968735,2026-07-29 10:56:06.0
서울-0485,용산구,숙명여대,서울특별시 용산구 청파동2가 72-5,1. 주요거리,디지털뉴딜(KT),과기부WiFi(핫플레이스),임대망,2022,실외,37.544815,126.968735,2026-07-29 10:56:06.0
서울-0486,용산구,숙명여대,서울특별시 용산구 청파동3가 107-29,1. 주요거리,디지털뉴딜(KT),과기부WiFi(핫플레이스),임대망,2022,실외,37.543613,126.96924,2026-07-29 10:56:06.0
서울-0487,용산구,숙명여대,서울특별시 용산구 청파동3가 107-29,1. 주요거리,디지털뉴딜(KT),과기부WiFi(핫플레이스),임대망,2022,실외,37.543613,126.96924,2026-07-29 10:56:06.0
서울-0488,용산구,숙명여대,서울특별시 용산구 청파동3가 10-5,1. 주요거리,디지털뉴딜(KT),과기부WiFi(핫플레이스),임대망,2022,실외,37.544163,126.97085,2026-07-29 10:56:06.0
서울-0489,용산구,숙명여대,서울특별시 용산구 청파동3가 10-5,1. 주요거리,디지털뉴딜(KT),과기부WiFi(핫플레이스),임대망,2022,실외,37.544163,126.97085,2026-07-29 10:56:06.0
서울-0490,용산구,숙명여대,서울특별시 용산구 청파동3가 10-5,1. 주요거리,디지털뉴딜(KT),과기부WiFi(핫플레이스),임대망,2022,실외,37.544163,126.97085,2026-07-29 10:56:06.0
서울-0491,용산구,숙명여대,서울특별시 용산구 갈월동 87-2,1. 주요거리,디지털뉴딜(KT),과기부WiFi(핫플레이스),임대망,2022,실외,37.54386,126.97209,2026-07-29 10:56:06.0
서울-0492,용산구,숙명여대,서울특별시 용산구 갈월동 87-2,1. 주요거리,디지털뉴딜(KT),과기부WiFi(핫플레이스),임대망,2022,실외,37.54386,126.97209,2026-07-29 10:56:06.0
서울-0493,용산구,숙명여대,서울특별시 용산구 갈월동 87-2,1. 주요거리,디지털뉴딜(KT),과기부WiFi(핫플레이스),임대망,2022,실외,37.54386,126.97209,2026-07-29 10:56:06.0
서울-0494,용산구,숙명여대,서울특별시 용산구 갈월동 93-30,1. 주요거리,디지털뉴딜(KT),과기부WiFi(핫플레이스),임대망,2022,실외,37.541992,126.971825,2026-07-29 10:56:06.0
서울-0495,용산구,숙명여대,서울특별시 용산구 갈월동 93-30,1. 주요거리,디지털뉴딜(KT),과기부WiFi(핫플레이스),임대망,2022,실외,37.541992,126.971825,2026-07-29 10:56:06.0
서울-0496,용산구,숙명여대,서울특별시 용산구 청파동2가 120-37,1. 주요거리,디지털뉴딜(KT),과기부WiFi(핫플레이스),임대망,2022,실외,37.545013,126.97077,2026-07-29 10:56:06.0
서울-0497,용산구,숙명여대,서울특별시 용산구 청파동2가 120-37,1. 주요거리,디지털뉴딜(KT),과기부WiFi(핫플레이스),임대망,2022,실외,37.545013,126.97077,2026-07-29 10:56:06.0
서울-0520,용산구,용리단길,서울특별시 용산구 용산동3가 1-95,1. 주요거리,디지털뉴딜(KT),과기부WiFi(핫플레이스),임대망,2022,실외,37.534542,126.9751,2026-07-29 10:56:06.0
서울-0521,용산구,용리단길,서울특별시 용산구 용산동3가 1-95,1. 주요거리,디지털뉴딜(KT),과기부WiFi(핫플레이스),임대망,2022,실외,37.534542,126.9751,2026-07-29 10:56:06.0
서울-0522,용산구,용리단길,서울특별시 용산구 한강대로62길 19,1. 주요거리,디지털뉴딜(KT),과기부WiFi(핫플레이스),임대망,2022,실외,37.533974,126.97366,2026-07-29 10:56:06.0
서울-0523,용산구,용리단길,서울특별시 용산구 한강대로62길 19,1. 주요거리,디지털뉴딜(KT),과기부WiFi(핫플레이스),임대망,2022,실외,37.533974,126.97366,2026-07-29 10:56:06.0
서울-0524,용산구,용리단길,서울특별시 용산구 한강로1가 210,1. 주요거리,디지털뉴딜(KT),과기부WiFi(핫플레이스),임대망,2022,실외,37.533203,126.97401,2026-07-29 10:56:06.0
서울-0525,용산구,용리단길,서울특별시 용산구 한강로1가 210,1. 주요거리,디지털뉴딜(KT),과기부WiFi(핫플레이스),임대망,2022,실외,37.533203,126.97401,2026-07-29 10:56:06.0
서울-0526,용산구,용리단길,서울특별시 용산구 한강로1가 231-6,1. 주요거리,디지털뉴딜(KT),과기부WiFi(핫플레이스),임대망,2022,실외,37.532845,126.97351,2026-07-29 10:56:06.0
서울-0527,용산구,용리단길,서울특별시 용산구 한강로1가 231-6,1. 주요거리,디지털뉴딜(KT),과기부WiFi(핫플레이스),임대망,2022,실외,37.532845,126.97351,2026-07-29 10:56:06.0
서울-0528,용산구,용리단길,서울특별시 용산구 한강로2가 47-3,1. 주요거리,디지털뉴딜(KT),과기부WiFi(핫플레이스),임대망,2022,실외,37.53145,126.97219,2026-07-29 10:56:06.0
서울-0529,용산구,용리단길,서울특별시 용산구 한강로2가 47-3,1. 주요거리,디지털뉴딜(KT),과기부WiFi(핫플레이스),임대망,2022,실외,37.53145,126.97219,2026-07-29 10:56:06.0
서울-0530,용산구,용리단길,서울특별시 용산구 한강로2가 45-1,1. 주요거리,디지털뉴딜(KT),과기부WiFi(핫플레이스),임대망,2022,실외,37.532055,126.97212,2026-07-29 10:56:06.0
서울-0531,용산구,용리단길,서울특별시 용산구 한강로2가 45-1,1. 주요거리,디지털뉴딜(KT),과기부WiFi(핫플레이스),임대망,2022,실외,37.532055,126.97212,2026-07-29 10:56:06.0
서울-0533,용산구,경의선숲길,서울특별시 용산구 원효로2가 1-73,3. 공원(하천),디지털뉴딜(KT),과기부WiFi(핫플레이스),임대망,2022,실외,37.538116,126.96478,2026-07-29 10:56:06.0
서울-0534,용산구,경의선숲길,서울특별시 용산구 원효로2가 1-73,3. 공원(하천),디지털뉴딜(KT),과기부WiFi(핫플레이스),임대망,2022,실외,37.53804,126.96509,2026-07-29 10:56:06.0
서울-0535,용산구,경의선숲길,서울특별시 용산구 원효로2가 1-73,3. 공원(하천),디지털뉴딜(KT),과기부WiFi(핫플레이스),임대망,2022,실외,37.537933,126.96559,2026-07-29 10:56:06.0
서울-0536,용산구,경의선숲길,서울특별시 용산구 원효로2가 1-93,3. 공원(하천),디지털뉴딜(KT),과기부WiFi(핫플레이스),임대망,2022,실외,37.537655,126.96605,2026-07-29 10:56:06.0
서울-0557,용산구,용문시장,서울특별시 용산구 새창로 109,2. 전통시장,디지털뉴딜(KT),과기부WiFi(핫플레이스),임대망,2022,실외,37.537518,126.960464,2026-07-29 10:56:06.0
서울-0558,용산구,용문시장,서울특별시 용산구 효창원로 95,2. 전통시장,디지털뉴딜(KT),과기부WiFi(핫플레이스),임대망,2022,실외,37.53729,126.95959,2026-07-29 10:56:06.0
서울-0559,용산구,용문시장,서울특별시 용산구 효창원로 95,2. 전통시장,디지털뉴딜(KT),과기부WiFi(핫플레이스),임대망,2022,실외,37.53729,126.95959,2026-07-29 10:56:06.0
서울-0561,용산구,용문시장,서울특별시 용산구 새창로 115,2. 전통시장,디지털뉴딜(KT),과기부WiFi(핫플레이스),임대망,2022,실외,37.53705,126.960724,2026-07-29 10:56:06.0
서울-0562,용산구,용문시장,서울특별시 용산구 새창로 115,2. 전통시장,디지털뉴딜(KT),과기부WiFi(핫플레이스),임대망,2022,실외,37.53705,126.960724,2026-07-29 10:56:06.0
서울-0563,용산구,용문시장,서울특별시 용산구 새창로 115,2. 전통시장,디지털뉴딜(KT),과기부WiFi(핫플레이스),임대망,2022,실외,37.53705,126.960724,2026-07-29 10:56:06.0
서울-0564,용산구,만리시장,서울특별시 용산구 서계동 서계동 260-1,2. 전통시장,디지털뉴딜(KT),과기부WiFi(핫플레이스),임대망,2022,실외,37.551212,126.96346,2026-07-29 10:56:06.0
서울-0565,용산구,만리시장,서울특별시 용산구 서계동 서계동 260-1,2. 전통시장,디지털뉴딜(KT),과기부WiFi(핫플레이스),임대망,2022,실외,37.551403,126.96324,2026-07-29 10:56:06.0
서울-0566,용산구,만리시장,서울특별시 용산구 서계동 서계동 260-1,2. 전통시장,디지털뉴딜(KT),과기부WiFi(핫플레이스),임대망,2022,실외,37.551167,126.963715,2026-07-29 10:56:06.0
서울-0567,용산구,만리시장,서울특별시 용산구 서계동 서계동 260-1,2. 전통시장,디지털뉴딜(KT),과기부WiFi(핫플레이스),임대망,2022,실외,37.551464,126.96343,2026-07-29 10:56:06.0
서울-0568,용산구,만리시장,서울특별시 용산구 서계동 서계동 260-1,2. 전통시장,디지털뉴딜(KT),과기부WiFi(핫플레이스),임대망,2022,실외,37.55133,126.9637,2026-07-29 10:56:06.0
서울-0569,용산구,만리시장,서울특별시 용산구 서계동 서계동 260-1,2. 전통시장,디지털뉴딜(KT),과기부WiFi(핫플레이스),임대망,2022,실외,37.551243,126.96338,2026-07-29 10:56:06.0
서울-0570,용산구,보광시장,서울특별시 용산구 보광동 244-10,2. 전통시장,디지털뉴딜(KT),과기부WiFi(핫플레이스),임대망,2022,실외,37.529125,126.99802,2026-07-29 10:56:06.0
서울-0571,용산구,보광시장,서울특별시 용산구 보광동 244-10,2. 전통시장,디지털뉴딜(KT),과기부WiFi(핫플레이스),임대망,2022,실외,37.529125,126.99802,2026-07-29 10:56:06.0
서울-0572,용산구,보광시장,서울특별시 용산구 보광동 244-10,2. 전통시장,디지털뉴딜(KT),과기부WiFi(핫플레이스),임대망,2022,실외,37.529125,126.99802,2026-07-29 10:56:06.0
서울-0573,용산구,보광시장,서울특별시 용산구 보광동 231-14,2. 전통시장,디지털뉴딜(KT),과기부WiFi(핫플레이스),임대망,2022,실외,37.5285,126.99864,2026-07-29 10:56:06.0
서울-0578,용산구,보광시장,서울특별시 용산구 보광로 14,2. 전통시장,디지털뉴딜(KT),과기부WiFi(핫플레이스),임대망,2022,실외,37.52612,127.00106,2026-07-29 10:56:06.0
서울-0579,용산구,보광시장,서울특별시 용산구 보광동 448,2. 전통시장,디지털뉴딜(KT),과기부WiFi(핫플레이스),임대망,2022,실외,37.52612,127.00106,2026-07-29 10:56:06.0
서울-2620,용산구,서울역쪽방상담소,서울특별시 용산구 후암로57길 9-12 2층,6-1. 복지 - 사회,디지털뉴딜(KT),과기부WiFi(복지시설),임대망,2022,실내,37.552963,126.97472,2026-07-29 10:56:06.0
서울-2620-1,용산구,서울역쪽방상담소,서울특별시 용산구 후암로57길 9-12 2층,6-1. 복지 - 사회,디지털뉴딜(KT),과기부WiFi(복지시설),임대망,2022,실내,37.552963,126.97472,2026-07-29 10:56:06.0
서울-2620-2,용산구,서울역쪽방상담소,서울특별시 용산구 후암로57길 9-12 2층,6-1. 복지 - 사회,디지털뉴딜(KT),과기부WiFi(복지시설),임대망,2022,실내,37.552963,126.97472,2026-07-29 10:56:06.0
서울-2621,용산구,서울역쪽방상담소,서울특별시 용산구 후암로57길 9-12 2층,6-1. 복지 - 사회,디지털뉴딜(KT),과기부WiFi(복지시설),임대망,2022,실내,37.552963,126.97472,2026-07-29 10:56:06.0
서울-2621-1,용산구,서울역쪽방상담소,서울특별시 용산구 후암로57길 9-12 2층,6-1. 복지 - 사회,디지털뉴딜(KT),과기부WiFi(복지시설),임대망,2022,실내,37.552963,126.97472,2026-07-29 10:56:06.0
서울-2621-2,용산구,서울역쪽방상담소,서울특별시 용산구 후암로57길 9-12 2층,6-1. 복지 - 사회,디지털뉴딜(KT),과기부WiFi(복지시설),임대망,2022,실내,37.552963,126.97472,2026-07-29 10:56:06.0
서울-2849,용산구,구립용산장애인복지관,서울특별시 용산구 효창원로93길 49,6-3. 복지 - 장애인,디지털뉴딜(KT),과기부WiFi(복지시설),임대망,2022,실내,37.547302,126.96157,2026-07-29 10:56:06.0
서울-2849-1,용산구,구립용산장애인복지관,서울특별시 용산구 효창원로93길 49,6-3. 복지 - 장애인,디지털뉴딜(KT),과기부WiFi(복지시설),임대망,2022,실내,37.547302,126.96157,2026-07-29 10:56:06.0
서울-2849-2,용산구,구립용산장애인복지관,서울특별시 용산구 효창원로93길 49,6-3. 복지 - 장애인,디지털뉴딜(KT),과기부WiFi(복지시설),임대망,2022,실내,37.547302,126.96157,2026-07-29 10:56:06.0
서울-2850,용산구,구립용산장애인복지관,서울특별시 용산구 효창원로93길 49,6-3. 복지 - 장애인,디지털뉴딜(KT),과기부WiFi(복지시설),임대망,2022,실내,37.547302,126.96157,2026-07-29 10:56:06.0
서울-2850-1,용산구,구립용산장애인복지관,서울특별시 용산구 효창원로93길 49,6-3. 복지 - 장애인,디지털뉴딜(KT),과기부WiFi(복지시설),임대망,2022,실내,37.547302,126.96157,2026-07-29 10:56:06.0
서울-2850-2,용산구,구립용산장애인복지관,서울특별시 용산구 효창원로93길 49,6-3. 복지 - 장애인,디지털뉴딜(KT),과기부WiFi(복지시설),임대망,2022,실내,37.547302,126.96157,2026-07-29 10:56:06.0
서울-2851,용산구,구립용산장애인복지관,서울특별시 용산구 효창원로93길 49,6-3. 복지 - 장애인,디지털뉴딜(KT),과기부WiFi(복지시설),임대망,2022,실내,37.547302,126.96157,2026-07-29 10:56:06.0
서울-2851-1,용산구,구립용산장애인복지관,서울특별시 용산구 효창원로93길 49,6-3. 복지 - 장애인,디지털뉴딜(KT),과기부WiFi(복지시설),임대망,2022,실내,37.547302,126.96157,2026-07-29 10:56:06.0
서울-2851-2,용산구,구립용산장애인복지관,서울특별시 용산구 효창원로93길 49,6-3. 복지 - 장애인,디지털뉴딜(KT),과기부WiFi(복지시설),임대망,2022,실내,37.547302,126.96157,2026-07-29 10:56:06.0
서울-2852,용산구,구립용산장애인복지관,서울특별시 용산구 효창원로93길 49,6-3. 복지 - 장애인,디지털뉴딜(KT),과기부WiFi(복지시설),임대망,2022,실내,37.547302,126.96157,2026-07-29 10:56:06.0
서울-2852-1,용산구,구립용산장애인복지관,서울특별시 용산구 효창원로93길 49,6-3. 복지 - 장애인,디지털뉴딜(KT),과기부WiFi(복지시설),임대망,2022,실내,37.547302,126.96157,2026-07-29 10:56:06.0
서울-2852-2,용산구,구립용산장애인복지관,서울특별시 용산구 효창원로93길 49,6-3. 복지 - 장애인,디지털뉴딜(KT),과기부WiFi(복지시설),임대망,2022,실내,37.547302,126.96157,2026-07-29 10:56:06.0
서울-2853,용산구,용산구립장애인주간보호센터,"서울특별시 용산구 한강대로 331, 3층",6-3. 복지 - 장애인,디지털뉴딜(KT),과기부WiFi(복지시설),임대망,2022,실내,37.5479,126.9715,2026-07-29 10:56:06.0
서울-2854,용산구,영락애니아의집,서울특별시 용산구 후암로4길 70,6-3. 복지 - 장애인,디지털뉴딜(KT),과기부WiFi(복지시설),임대망,2022,실내,37.548565,126.981316,2026-07-29 10:56:06.0
서울-2854-1,용산구,영락애니아의집,서울특별시 용산구 후암로4길 70,6-3. 복지 - 장애인,디지털뉴딜(KT),과기부WiFi(복지시설),임대망,2022,실내,37.548565,126.981316,2026-07-29 10:56:06.0
서울-2855,용산구,용산구립장애인보호작업장,서울특별시 용산구 한강대로 331,6-3. 복지 - 장애인,디지털뉴딜(KT),과기부WiFi(복지시설),임대망,2022,실내,37.5479,126.9715,2026-07-29 10:56:06.0
서울-2855-1,용산구,용산구립장애인보호작업장,서울특별시 용산구 한강대로 331,6-3. 복지 - 장애인,디지털뉴딜(KT),과기부WiFi(복지시설),임대망,2022,실내,37.5479,126.9715,2026-07-29 10:56:06.0
서울-3110,용산구,만리시장,서울특별시 용산구 효창원로 264,2. 전통시장,디지털뉴딜(KT),과기부WiFi(핫플레이스),임대망,2022,실외,37.551243,126.96338,2026-07-29 10:56:06.0
서울-3111,용산구,만리시장,서울특별시 용산구 효창원로 264,2. 전통시장,디지털뉴딜(KT),과기부WiFi(핫플레이스),임대망,2022,실외,37.550255,126.963684,2026-07-29 10:56:06.0
서울-3112,용산구,만리시장,서울특별시 용산구 효창원로 264,2. 전통시장,디지털뉴딜(KT),과기부WiFi(핫플레이스),임대망,2022,실외,37.550255,126.963684,2026-07-29 10:56:06.0
서울-3189,용산구,효창종합사회복지관,서울특별시 용산구 효창원로 146-12,6-1. 복지 - 사회,디지털뉴딜(KT),과기부WiFi(복지시설),임대망,2022,실내,37.541225,126.96302,2026-07-29 10:56:06.0
서울-3189-1,용산구,효창종합사회복지관,서울특별시 용산구 효창원로 146-12,6-1. 복지 - 사회,디지털뉴딜(KT),과기부WiFi(복지시설),임대망,2022,실내,37.541225,126.96302,2026-07-29 10:56:06.0
서울-3189-2,용산구,효창종합사회복지관,서울특별시 용산구 효창원로 146-12,6-1. 복지 - 사회,디지털뉴딜(KT),과기부WiFi(복지시설),임대망,2022,실내,37.541225,126.96302,2026-07-29 10:56:06.0
서울-3190,용산구,효창종합사회복지관,서울특별시 용산구 효창원로 146-12,6-1. 복지 - 사회,디지털뉴딜(KT),과기부WiFi(복지시설),임대망,2022,실내,37.541225,126.96302,2026-07-29 10:56:06.0
서울-3190-1,용산구,효창종합사회복지관,서울특별시 용산구 효창원로 146-12,6-1. 복지 - 사회,디지털뉴딜(KT),과기부WiFi(복지시설),임대망,2022,실내,37.541225,126.96302,2026-07-29 10:56:06.0
서울-3191,용산구,효창종합사회복지관,서울특별시 용산구 효창원로 146-12,6-1. 복지 - 사회,디지털뉴딜(KT),과기부WiFi(복지시설),임대망,2022,실내,37.541225,126.96302,2026-07-29 10:56:06.0
서울-3191-1,용산구,효창종합사회복지관,서울특별시 용산구 효창원로 146-12,6-1. 복지 - 사회,디지털뉴딜(KT),과기부WiFi(복지시설),임대망,2022,실내,37.541225,126.96302,2026-07-29 10:56:06.0
서울-3192,용산구,효창종합사회복지관,서울특별시 용산구 효창원로 146-12,6-1. 복지 - 사회,디지털뉴딜(KT),과기부WiFi(복지시설),임대망,2022,실내,37.541225,126.96302,2026-07-29 10:56:06.0
서울-3192-1,용산구,효창종합사회복지관,서울특별시 용산구 효창원로 146-12,6-1. 복지 - 사회,디지털뉴딜(KT),과기부WiFi(복지시설),임대망,2022,실내,37.541225,126.96302,2026-07-29 10:56:06.0
서울-3196,용산구,갈월종합사회복지관,서울특별시 용산구 두텁바위로 25,6-1. 복지 - 사회,디지털뉴딜(KT),과기부WiFi(복지시설),임대망,2022,실내,37.545773,126.97482,2026-07-29 10:56:06.0
서울-3196-1,용산구,갈월종합사회복지관,서울특별시 용산구 두텁바위로 25,6-1. 복지 - 사회,디지털뉴딜(KT),과기부WiFi(복지시설),임대망,2022,실내,37.545773,126.97482,2026-07-29 10:56:06.0
서울-3196-2,용산구,갈월종합사회복지관,서울특별시 용산구 두텁바위로 25,6-1. 복지 - 사회,디지털뉴딜(KT),과기부WiFi(복지시설),임대망,2022,실내,37.545773,126.97482,2026-07-29 10:56:06.0
서울-3197,용산구,갈월종합사회복지관,서울특별시 용산구 두텁바위로 25,6-1. 복지 - 사회,디지털뉴딜(KT),과기부WiFi(복지시설),임대망,2022,실내,37.545773,126.97482,2026-07-29 10:56:06.0
서울-3197-1,용산구,갈월종합사회복지관,서울특별시 용산구 두텁바위로 25,6-1. 복지 - 사회,디지털뉴딜(KT),과기부WiFi(복지시설),임대망,2022,실내,37.545773,126.97482,2026-07-29 10:56:06.0
서울-3197-2,용산구,갈월종합사회복지관,서울특별시 용산구 두텁바위로 25,6-1. 복지 - 사회,디지털뉴딜(KT),과기부WiFi(복지시설),임대망,2022,실내,37.545773,126.97482,2026-07-29 10:56:06.0
서울-3198,용산구,갈월종합사회복지관,서울특별시 용산구 두텁바위로 25,6-1. 복지 - 사회,디지털뉴딜(KT),과기부WiFi(복지시설),임대망,2022,실내,37.545773,126.97482,2026-07-29 10:56:06.0
서울-3198-1,용산구,갈월종합사회복지관,서울특별시 용산구 두텁바위로 25,6-1. 복지 - 사회,디지털뉴딜(KT),과기부WiFi(복지시설),임대망,2022,실내,37.545773,126.97482,2026-07-29 10:56:06.0
서울-3198-2,용산구,갈월종합사회복지관,서울특별시 용산구 두텁바위로 25,6-1. 복지 - 사회,디지털뉴딜(KT),과기부WiFi(복지시설),임대망,2022,실내,37.545773,126.97482,2026-07-29 10:56:06.0
서울-3199,용산구,갈월종합사회복지관,서울특별시 용산구 두텁바위로 25,6-1. 복지 - 사회,디지털뉴딜(KT),과기부WiFi(복지시설),임대망,2022,실내,37.545773,126.97482,2026-07-29 10:56:06.0
서울-3199-1,용산구,갈월종합사회복지관,서울특별시 용산구 두텁바위로 25,6-1. 복지 - 사회,디지털뉴딜(KT),과기부WiFi(복지시설),임대망,2022,실내,37.545773,126.97482,2026-07-29 10:56:06.0
서울-3647,용산구,남영동,서울특별시 용산구 남영동 59-2,1. 주요거리,디지털뉴딜(KT),과기부WiFi(핫플레이스),임대망,2022,실외,37.54364,126.97332,2026-07-29 10:56:06.0
서울-3648,용산구,남영동,서울특별시 용산구 남영동 59-2,1. 주요거리,디지털뉴딜(KT),과기부WiFi(핫플레이스),임대망,2022,실외,37.54364,126.97332,2026-07-29 10:56:06.0
서울-3649,용산구,남영동,서울특별시 용산구 남영동 95-2,1. 주요거리,디지털뉴딜(KT),과기부WiFi(핫플레이스),임대망,2022,실외,37.542625,126.9736,2026-07-29 10:56:06.0
서울-3650,용산구,남영동,서울특별시 용산구 남영동 95-2,1. 주요거리,디지털뉴딜(KT),과기부WiFi(핫플레이스),임대망,2022,실외,37.542625,126.9736,2026-07-29 10:56:06.0
서울-3687,용산구,용리단길,서울특별시 용산구 한강대로48길 17,1. 주요거리,디지털뉴딜(KT),과기부WiFi(핫플레이스),임대망,2022,실외,37.531395,126.97156,2026-07-29 10:56:06.0
서울-3688,용산구,용리단길,서울특별시 용산구 한강대로44길 20,1. 주요거리,디지털뉴딜(KT),과기부WiFi(핫플레이스),임대망,2022,실외,37.530727,126.97092,2026-07-29 10:56:06.0
서울-3692,용산구,용리단길,서울특별시 용산구 한강대로 118,1. 주요거리,디지털뉴딜(KT),과기부WiFi(핫플레이스),임대망,2022,실외,37.530228,126.96984,2026-07-29 10:56:06.0
서울-3693,용산구,경리단및해방촌길,서울특별시 용산구 신흥로11나길 37,1. 주요거리,디지털뉴딜(KT),과기부WiFi(핫플레이스),임대망,2022,실외,37.54442,126.98478,2026-07-29 10:56:06.0
서울-3694,용산구,경리단및해방촌길,서울특별시 용산구 소월로20길 43,1. 주요거리,디지털뉴딜(KT),과기부WiFi(핫플레이스),임대망,2022,실외,37.544678,126.98519,2026-07-29 10:56:06.0
서울-3704,용산구,용문시장,서울특별시 용산구 용문동 25-17,2. 전통시장,디지털뉴딜(KT),과기부WiFi(핫플레이스),임대망,2022,실외,37.53648,126.960144,2026-07-29 10:56:06.0
서울-3705,용산구,용문시장,서울특별시 용산구 용문동 25-17,2. 전통시장,디지털뉴딜(KT),과기부WiFi(핫플레이스),임대망,2022,실외,37.53648,126.960144,2026-07-29 10:56:06.0
서울-3706,용산구,용문시장,서울특별시 용산구 원효로3가 46-1,2. 전통시장,디지털뉴딜(KT),과기부WiFi(핫플레이스),임대망,2022,실외,37.53517,126.96003,2026-07-29 10:56:06.0
서울-3707,용산구,용문시장,서울특별시 용산구 원효로3가 46-1,2. 전통시장,디지털뉴딜(KT),과기부WiFi(핫플레이스),임대망,2022,실외,37.53517,126.96003,2026-07-29 10:56:06.0
서울-3708,용산구,용문시장,서울특별시 용산구 원효로41길 66,2. 전통시장,디지털뉴딜(KT),과기부WiFi(핫플레이스),임대망,2022,실외,37.53559,126.960846,2026-07-29 10:56:06.0
서울-3709,용산구,경의선숲길,서울특별시 용산구 신계동 1-275,3. 공원(하천),디지털뉴딜(KT),과기부WiFi(핫플레이스),임대망,2022,실외,37.53731,126.96682,2026-07-29 10:56:06.0
서울-3710,용산구,경의선숲길,서울특별시 용산구 신계동 1-275,3. 공원(하천),디지털뉴딜(KT),과기부WiFi(핫플레이스),임대망,2022,실외,37.537117,126.96715,2026-07-29 10:56:06.0
서울-3711,용산구,경의선숲길,서울특별시 용산구 신계동 1-275,3. 공원(하천),디지털뉴딜(KT),과기부WiFi(핫플레이스),임대망,2022,실외,37.536873,126.96742,2026-07-29 10:56:06.0
서울-3779,용산구,보광시장,서울특별시 용산구 보광동 448,2. 전통시장,디지털뉴딜(KT),과기부WiFi(핫플레이스),임대망,2022,실외,37.52612,127.00106,2026-07-29 10:56:06.0
서울-4106,용산구,경리단및해방촌길,서울특별시 용산구 신흥로5길 58,1. 주요거리,디지털뉴딜(KT),과기부WiFi(핫플레이스),임대망,2022,실외,37.543026,126.984886,2026-07-29 10:56:06.0
서울-4107,용산구,용문시장,서울특별시 용산구 용문동 25-17,2. 전통시장,디지털뉴딜(KT),과기부WiFi(핫플레이스),임대망,2022,실외,37.53648,126.960144,2026-07-29 10:56:06.0
서울-4406,용산구,용산구스마트폴(스마트도시담당관 협조요청),서울특별시 용산구 용산동5가 2-68,1. 주요거리,디지털뉴딜(KT),과기부WiFi(핫플레이스),임대망,2022,실외,37.528862,126.969795,2026-07-29 10:56:07.0
서울-4407,용산구,용산구스마트폴(스마트도시담당관 협조요청),서울특별시 용산구 용산동5가 2-68,1. 주요거리,디지털뉴딜(KT),과기부WiFi(핫플레이스),임대망,2022,실외,37.528706,126.96991,2026-07-29 10:56:07.0
서울-9121,용산구,시립용산노인종합복지관,서울시 용산구 독서당로11길 16,6-2. 복지 - 노인,디지털뉴딜(LG U+),과기부WiFi(복지시설),임대망,2022,실내,37.53132,127.00653,2026-07-29 10:56:07.0
서울-9121-1,용산구,시립용산노인종합복지관,서울시 용산구 독서당로11길 16,6-2. 복지 - 노인,디지털뉴딜(LG U+),과기부WiFi(복지시설),임대망,2022,실내,37.53132,127.00653,2026-07-29 10:56:07.0
서울-9122,용산구,용산청소년센터,서울시 용산구 이촌로71길 24,6-4. 복지 - 아동청소년,디지털뉴딜(LG U+),과기부WiFi(복지시설),임대망,2022,실내,37.52126,126.97331,2026-07-29 10:56:07.0
서울-9122-1,용산구,용산청소년센터,서울시 용산구 이촌로71길 24,6-4. 복지 - 아동청소년,디지털뉴딜(LG U+),과기부WiFi(복지시설),임대망,2022,실내,37.52126,126.97331,2026-07-29 10:56:07.0
서울-9122-2,용산구,용산청소년센터,서울시 용산구 이촌로71길 24,6-4. 복지 - 아동청소년,디지털뉴딜(LG U+),과기부WiFi(복지시설),임대망,2022,실내,37.52126,126.97331,2026-07-29 10:56:07.0
서울-9157,용산구,용산청소년센터,서울시 용산구 이촌로71길 24,6-4. 복지 - 아동청소년,디지털뉴딜(LG U+),과기부WiFi(복지시설),임대망,2022,실내,37.52126,126.97331,2026-07-29 10:56:07.0
서울-9157-1,용산구,용산청소년센터,서울시 용산구 이촌로71길 24,6-4. 복지 - 아동청소년,디지털뉴딜(LG U+),과기부WiFi(복지시설),임대망,2022,실내,37.52126,126.97331,2026-07-29 10:56:07.0
서울-9158,용산구,용산청소년센터,서울시 용산구 이촌로71길 24,6-4. 복지 - 아동청소년,디지털뉴딜(LG U+),과기부WiFi(복지시설),임대망,2022,실내,37.52126,126.97331,2026-07-29 10:56:07.0
서울-9158-1,용산구,용산청소년센터,서울시 용산구 이촌로71길 24,6-4. 복지 - 아동청소년,디지털뉴딜(LG U+),과기부WiFi(복지시설),임대망,2022,실내,37.52126,126.97331,2026-07-29 10:56:07.0
서울-9159,용산구,용산청소년센터,서울시 용산구 이촌로71길 24,6-4. 복지 - 아동청소년,디지털뉴딜(LG U+),과기부WiFi(복지시설),임대망,2022,실내,37.52126,126.97331,2026-07-29 10:56:07.0
서울-9159-1,용산구,용산청소년센터,서울시 용산구 이촌로71길 24,6-4. 복지 - 아동청소년,디지털뉴딜(LG U+),과기부WiFi(복지시설),임대망,2022,실내,37.52126,126.97331,2026-07-29 10:56:07.0
서울-9159-2,용산구,용산청소년센터,서울시 용산구 이촌로71길 24,6-4. 복지 - 아동청소년,디지털뉴딜(LG U+),과기부WiFi(복지시설),임대망,2022,실내,37.52126,126.97331,2026-07-29 10:56:07.0
서울-9160,용산구,용산청소년센터,서울시 용산구 이촌로71길 24,6-4. 복지 - 아동청소년,디지털뉴딜(LG U+),과기부WiFi(복지시설),임대망,2022,실내,37.52126,126.97331,2026-07-29 10:56:07.0
서울-9160-1,용산구,용산청소년센터,서울시 용산구 이촌로71길 24,6-4. 복지 - 아동청소년,디지털뉴딜(LG U+),과기부WiFi(복지시설),임대망,2022,실내,37.52126,126.97331,2026-07-29 10:56:07.0
서울-9160-2,용산구,용산청소년센터,서울시 용산구 이촌로71길 24,6-4. 복지 - 아동청소년,디지털뉴딜(LG U+),과기부WiFi(복지시설),임대망,2022,실내,37.52126,126.97331,2026-07-29 10:56:07.0
서울-9161,용산구,용산청소년센터,서울시 용산구 이촌로71길 24,6-4. 복지 - 아동청소년,디지털뉴딜(LG U+),과기부WiFi(복지시설),임대망,2022,실내,37.52126,126.97331,2026-07-29 10:56:07.0
서울-9161-1,용산구,용산청소년센터,서울시 용산구 이촌로71길 24,6-4. 복지 - 아동청소년,디지털뉴딜(LG U+),과기부WiFi(복지시설),임대망,2022,실내,37.52126,126.97331,2026-07-29 10:56:07.0
서울-9161-2,용산구,용산청소년센터,서울시 용산구 이촌로71길 24,6-4. 복지 - 아동청소년,디지털뉴딜(LG U+),과기부WiFi(복지시설),임대망,2022,실내,37.52126,126.97331,2026-07-29 10:56:07.0
서울-9162,용산구,용산청소년센터,서울시 용산구 이촌로71길 24,6-4. 복지 - 아동청소년,디지털뉴딜(LG U+),과기부WiFi(복지시설),임대망,2022,실내,37.52126,126.97331,2026-07-29 10:56:07.0
서울-9162-1,용산구,용산청소년센터,서울시 용산구 이촌로71길 24,6-4. 복지 - 아동청소년,디지털뉴딜(LG U+),과기부WiFi(복지시설),임대망,2022,실내,37.52126,126.97331,2026-07-29 10:56:07.0
서울-9162-2,용산구,용산청소년센터,서울시 용산구 이촌로71길 24,6-4. 복지 - 아동청소년,디지털뉴딜(LG U+),과기부WiFi(복지시설),임대망,2022,실내,37.52126,126.97331,2026-07-29 10:56:07.0
서울-9163,용산구,용산청소년센터,서울시 용산구 이촌로71길 24,6-4. 복지 - 아동청소년,디지털뉴딜(LG U+),과기부WiFi(복지시설),임대망,2022,실내,37.52126,126.97331,2026-07-29 10:56:07.0
서울-9163-1,용산구,용산청소년센터,서울시 용산구 이촌로71길 24,6-4. 복지 - 아동청소년,디지털뉴딜(LG U+),과기부WiFi(복지시설),임대망,2022,실내,37.52126,126.97331,2026-07-29 10:56:07.0
서울4차-3600,용산구,열정도,서울특별시 용산구 백범로 90길 74,1. 주요거리,디지털뉴딜(LG U+),공공WiFi,임대망,2022,실외,37.537453,126.96965,2026-07-29 10:56:07.0
서울4차-3601,용산구,열정도,서울 용산구 원효로1가 57-15,1. 주요거리,디지털뉴딜(LG U+),공공WiFi,임대망,2022,실외,37.53891,126.969315,2026-07-29 10:56:07.0
서울4차-3602,용산구,열정도,서울 용산구 문배동 7-6,1. 주요거리,디지털뉴딜(LG U+),공공WiFi,임대망,2022,실외,37.538166,126.97012,2026-07-29 10:56:07.0
서울4차-3604,용산구,열정도,서울특별시 용산구 문배동 11-14,1. 주요거리,디지털뉴딜(LG U+),공공WiFi,임대망,2022,실외,37.53809,126.970146,2026-07-29 10:56:07.0
서울4차-3607,용산구,용문동주민센터,서울특별시 용산구 새창로12길 13,7-2-3. 공공 - 동주민센터,디지털뉴딜(LG U+),공공WiFi,임대망,2022,실내,37.538956,126.95759,2026-07-29 10:56:07.0
서울4차-3608,용산구,용문동주민센터,서울특별시 용산구 새창로12길 13,7-2-3. 공공 - 동주민센터,디지털뉴딜(LG U+),공공WiFi,임대망,2022,실내,37.538956,126.95759,2026-07-29 10:56:07.0
서울4차-3634,용산구,원효로다목적체육관,서울특별시 용산구 원효로3가 51-58,4. 문화관광,디지털뉴딜(LG U+),공공WiFi,임대망,2022,실외,37.532883,126.95724,2026-07-29 10:56:07.0
서울4차-3635,용산구,원효로다목적체육관,서울특별시 용산구 원효로3가 51-58,4. 문화관광,디지털뉴딜(LG U+),공공WiFi,임대망,2022,실내,37.53295,126.95719,2026-07-29 10:56:07.0
서울4차-3636,용산구,이촌시장,서울특별시 용산구 이촌로65가길 72,2. 전통시장,디지털뉴딜(LG U+),공공WiFi,임대망,2022,실외,37.52082,126.97496,2026-07-29 10:56:07.0
서울4차-3637,용산구,이촌시장,서울특별시 용산구 이촌로 75길 16,2. 전통시장,디지털뉴딜(LG U+),공공WiFi,임대망,2022,실외,37.52061,126.97439,2026-07-29 10:56:07.0
서울4차-3638,용산구,이촌시장,서울특별시 용산구 이촌로 75길 16,2. 전통시장,디지털뉴딜(LG U+),공공WiFi,임대망,2022,실외,37.520588,126.974396,2026-07-29 10:56:07.0
서울4차-3639,용산구,이촌시장,서울특별시 용산구 이촌로 75길 16,2. 전통시장,디지털뉴딜(LG U+),공공WiFi,임대망,2022,실외,37.520588,126.974396,2026-07-29 10:56:07.0
서울4차-3640,용산구,이촌시장,서울특별시 용산구 이촌로 75길 16,2. 전통시장,디지털뉴딜(LG U+),공공WiFi,임대망,2022,실외,37.520588,126.974396,2026-07-29 10:56:07.0
서울4차-3641,용산구,이촌시장,서울특별시 용산구 이촌로77길 19,2. 전통시장,디지털뉴딜(LG U+),공공WiFi,임대망,2022,실외,37.52055,126.97466,2026-07-29 10:56:07.0
서울4차-3665,용산구,전자상가,서울특별시 용산구 새창로 45길 42,1. 주요거리,디지털뉴딜(LG U+),공공WiFi,임대망,2022,실외,37.53484,126.96464,2026-07-29 10:56:07.0
서울4차-3666,용산구,전자상가,서울특별시 용산구 새창로45길 41,1. 주요거리,디지털뉴딜(LG U+),공공WiFi,임대망,2022,실외,37.534996,126.964584,2026-07-29 10:56:07.0
서울4차-3667,용산구,전자상가,서울특별시 용산구 원효로58길 17 (나우빌딩),1. 주요거리,디지털뉴딜(LG U+),공공WiFi,임대망,2022,실외,37.53542,126.96346,2026-07-29 10:56:07.0
서울4차-3668,용산구,전자상가,서울특별시 용산구 청파로 113-7,1. 주요거리,디지털뉴딜(LG U+),공공WiFi,임대망,2022,실외,37.53361,126.96398,2026-07-29 10:56:07.0
서울4차-3669,용산구,전자상가,서울특별시 용산구 원효로56길 21,1. 주요거리,디지털뉴딜(LG U+),공공WiFi,임대망,2022,실외,37.534813,126.96296,2026-07-29 10:56:07.0
서울4차-3670,용산구,전자상가,서울특별시 용산구 신계동 33-1,1. 주요거리,디지털뉴딜(LG U+),공공WiFi,임대망,2022,실외,37.534313,126.96225,2026-07-29 10:56:07.0
서울4차-3671,용산구,전자상가,서울 용산구 새창로44길 14 구두수선대 옆 전신주,1. 주요거리,디지털뉴딜(LG U+),공공WiFi,임대망,2022,실외,37.533646,126.96165,2026-07-29 10:56:07.0
서울4차-3672,용산구,전자상가,서울 용산구 새창로 181 선인상가 21동 (나진상가15동 사이),1. 주요거리,디지털뉴딜(LG U+),공공WiFi,임대망,2022,실외,37.532722,126.96575,2026-07-29 10:56:07.0
서울4차-3674,용산구,후암시장,"서울특별시 용산구 한강대로104길 77 (형제설비, 쌀판매 앞)",2. 전통시장,디지털뉴딜(LG U+),공공WiFi,임대망,2022,실외,37.5504,126.9768,2026-07-29 10:56:07.0
서울4차-3675,용산구,후암시장,"서울특별시 용산구 한강대로104길 77 (형제설비, 쌀판매 앞)",2. 전통시장,디지털뉴딜(LG U+),공공WiFi,임대망,2022,실외,37.5504,126.9768,2026-07-29 10:56:07.0
서울4차-3676,용산구,용산역사박물관,서울특별시 용산구 한강대로14길 35-29,4. 문화관광,디지털뉴딜(LG U+),공공WiFi,임대망,2022,실외,37.525665,126.96576,2026-07-29 10:56:07.0
서울4차-3677,용산구,용산역사박물관,서울특별시 용산구 한강대로14길 35-29,4. 문화관광,디지털뉴딜(LG U+),공공WiFi,임대망,2022,실외,37.525578,126.96585,2026-07-29 10:56:07.0
서울4차-3678,용산구,용산역사박물관,서울특별시 용산구 한강대로14길 35-29,4. 문화관광,디지털뉴딜(LG U+),공공WiFi,임대망,2022,실내,37.52564,126.96584,2026-07-29 10:56:07.0
서울4차-3678-1,용산구,용산역사박물관,서울특별시 용산구 한강대로14길 35-29,4. 문화관광,디지털뉴딜(LG U+),공공WiFi,임대망,2022,실내,37.52564,126.96584,2026-07-29 10:56:07.0
서울4차-3678-2,용산구,용산역사박물관,서울특별시 용산구 한강대로14길 35-29,4. 문화관광,디지털뉴딜(LG U+),공공WiFi,임대망,2022,실내,37.52564,126.96584,2026-07-29 10:56:07.0
서울4차-4821,용산구,이촌한강공원,서울특별시 용산구 이촌로72길 62,3. 공원(하천),디지털뉴딜(LG U+),공공WiFi,임대망,2022,실외,37.517822,126.97085,2026-07-29 10:56:07.0
서울4차-4822,용산구,이촌한강공원,서울특별시 용산구 이촌로72길 62,3. 공원(하천),디지털뉴딜(LG U+),공공WiFi,임대망,2022,실외,37.517822,126.97085,2026-07-29 10:56:07.0
서울4차-4823,용산구,이촌한강공원,서울특별시 용산구 이촌로72길 62,3. 공원(하천),디지털뉴딜(LG U+),공공WiFi,임대망,2022,실외,37.517822,126.97085,2026-07-29 10:56:07.0
서울4차-4824,용산구,이촌한강공원,서울특별시 용산구 이촌로72길 62,3. 공원(하천),디지털뉴딜(LG U+),공공WiFi,임대망,2022,실외,37.517822,126.97085,2026-07-29 10:56:07.0
서울4차-4825,용산구,이촌한강공원,서울특별시 용산구 이촌로72길 62,3. 공원(하천),디지털뉴딜(LG U+),공공WiFi,임대망,2022,실외,37.517822,126.97085,2026-07-29 10:56:07.0
서울4차-4826,용산구,이촌한강공원,서울특별시 용산구 이촌로72길 62,3. 공원(하천),디지털뉴딜(LG U+),공공WiFi,임대망,2022,실외,37.517822,126.97085,2026-07-29 10:56:07.0
서울4차-4827,용산구,이촌한강공원,서울특별시 용산구 이촌로72길 62,3. 공원(하천),디지털뉴딜(LG U+),공공WiFi,임대망,2022,실외,37.517822,126.97085,2026-07-29 10:56:07.0
서울4차-4828,용산구,이촌한강공원,서울특별시 용산구 이촌로72길 62,3. 공원(하천),디지털뉴딜(LG U+),공공WiFi,임대망,2022,실외,37.517822,126.97085,2026-07-29 10:56:07.0
서울4차-4829,용산구,이촌한강공원,서울특별시 용산구 이촌로72길 62,3. 공원(하천),디지털뉴딜(LG U+),공공WiFi,임대망,2022,실외,37.517822,126.97085,2026-07-29 10:56:07.0
서울4차-4830,용산구,이촌한강공원,서울특별시 용산구 이촌로72길 62,3. 공원(하천),디지털뉴딜(LG U+),공공WiFi,임대망,2022,실외,37.51775,126.97062,2026-07-29 10:56:07.0
서울4차-4831,용산구,이촌한강공원,서울특별시 용산구 이촌로72길 62,3. 공원(하천),디지털뉴딜(LG U+),공공WiFi,임대망,2022,실외,37.517822,126.97085,2026-07-29 10:56:07.0
서울4차-4832,용산구,이촌한강공원,서울특별시 용산구 이촌로72길 62,3. 공원(하천),디지털뉴딜(LG U+),공공WiFi,임대망,2022,실외,37.517822,126.97085,2026-07-29 10:56:07.0
서울4차-4833,용산구,이촌한강공원,서울특별시 용산구 이촌로72길 62,3. 공원(하천),디지털뉴딜(LG U+),공공WiFi,임대망,2022,실외,37.517822,126.97085,2026-07-29 10:56:07.0
서울4차-5946,용산구,용문동어울림센터,"서울특별시 용산구 효창원로37길 1, 지하1층",4. 문화관광,디지털뉴딜(LG U+),공공WiFi,임대망,2022,실내,37.536926,126.95825,2026-07-29 10:56:07.0
서울4차-5947,용산구,용문동어울림센터,"서울특별시 용산구 효창원로37길 1, 1층",4. 문화관광,디지털뉴딜(LG U+),공공WiFi,임대망,2022,실내,37.536926,126.95825,2026-07-29 10:56:07.0
서울4차-5948,용산구,용문동어울림센터,"서울특별시 용산구 효창원로37길 1, 2층",4. 문화관광,디지털뉴딜(LG U+),공공WiFi,임대망,2022,실내,37.536926,126.95825,2026-07-29 10:56:07.0
서울4차-5949,용산구,용문동어울림센터,"서울특별시 용산구 효창원로37길 1, 3층",4. 문화관광,디지털뉴딜(LG U+),공공WiFi,임대망,2022,실내,37.536926,126.95825,2026-07-29 10:56:07.0
서울4차-5950,용산구,용문동어울림센터,"서울특별시 용산구 효창원로37길 1, 4층",4. 문화관광,디지털뉴딜(LG U+),공공WiFi,임대망,2022,실내,37.536926,126.95825,2026-07-29 10:56:07.0
서울4차-5954,용산구,이태원관광특구,"서울특별시 용산구 이태원로 143-1, KEB하나은행 앞 CCTV",1. 주요거리,디지털뉴딜(LG U+),공공WiFi,임대망,2022,실외,37.5342,126.98984,2026-07-29 10:56:07.0
서울4차-5955,용산구,이태원관광특구,"서울특별시 용산구 이태원로 143-1, KEB하나은행 앞 CCTV",1. 주요거리,디지털뉴딜(LG U+),공공WiFi,임대망,2022,실외,37.5342,126.98984,2026-07-29 10:56:07.0
서울4차-5956,용산구,이태원관광특구,"서울특별시 용산구 이태원로 143-1, KEB하나은행 앞 CCTV",1. 주요거리,디지털뉴딜(LG U+),공공WiFi,임대망,2022,실외,37.5342,126.98984,2026-07-29 10:56:07.0
서울4차-6068,용산구,용산소방서,"서울특별시 용산구 한강대로 167 (한강로2가), 3층 민원실",7-1-3. 공공 - 시산하기관,디지털뉴딜(LG U+),공공WiFi,임대망,2022,실내,37.53412,126.97151,2026-07-29 10:56:07.0
서울4차-6068-1,용산구,용산소방서,"서울특별시 용산구 한강대로 167 (한강로2가), 3층 민원실",7-1-3. 공공 - 시산하기관,디지털뉴딜(LG U+),공공WiFi,임대망,2022,실내,37.53412,126.97151,2026-07-29 10:56:07.0
서울4차-6422,용산구,이촌한강공원,서울특별시 용산구 이촌로72길 62,3. 공원(하천),디지털뉴딜(LG U+),공공WiFi,임대망,2022,실외,37.517822,126.97085,2026-07-29 10:56:07.0
서울4차-6423,용산구,이촌한강공원,서울특별시 용산구 이촌로72길 62,3. 공원(하천),디지털뉴딜(LG U+),공공WiFi,임대망,2022,실외,37.517822,126.97085,2026-07-29 10:56:07.0
서울4차-6424,용산구,이촌한강공원,서울특별시 용산구 이촌로72길 62,3. 공원(하천),디지털뉴딜(LG U+),공공WiFi,임대망,2022,실외,37.517822,126.97085,2026-07-29 10:56:07.0
서울4차-6425,용산구,이촌한강공원,서울특별시 용산구 이촌로72길 62,3. 공원(하천),디지털뉴딜(LG U+),공공WiFi,임대망,2022,실외,37.517822,126.97085,2026-07-29 10:56:07.0
서울4차-6426,용산구,이촌한강공원,서울특별시 용산구 이촌로72길 62,3. 공원(하천),디지털뉴딜(LG U+),공공WiFi,임대망,2022,실외,37.519054,126.96784,2026-07-29 10:56:07.0
서울4차-6427,용산구,이촌한강공원,서울특별시 용산구 이촌로72길 62,3. 공원(하천),디지털뉴딜(LG U+),공공WiFi,임대망,2022,실외,37.517822,126.97085,2026-07-29 10:56:07.0
서울4차-6428,용산구,이촌한강공원,서울특별시 용산구 이촌로72길 62,3. 공원(하천),디지털뉴딜(LG U+),공공WiFi,임대망,2022,실외,37.517822,126.97085,2026-07-29 10:56:07.0
서울4차-6429,용산구,이촌한강공원,서울특별시 용산구 이촌로72길 62,3. 공원(하천),디지털뉴딜(LG U+),공공WiFi,임대망,2022,실외,37.517822,126.97085,2026-07-29 10:56:07.0
서울4차-6430,용산구,이촌한강공원,서울특별시 용산구 이촌로72길 62,3. 공원(하천),디지털뉴딜(LG U+),공공WiFi,임대망,2022,실외,37.517822,126.97085,2026-07-29 10:56:07.0
서울4차-6431,용산구,이촌한강공원,서울특별시 용산구 이촌로72길 62,3. 공원(하천),디지털뉴딜(LG U+),공공WiFi,임대망,2022,실외,37.517822,126.97085,2026-07-29 10:56:07.0
서울4차-6432,용산구,이촌한강공원,서울특별시 용산구 이촌로72길 62,3. 공원(하천),디지털뉴딜(LG U+),공공WiFi,임대망,2022,실외,37.517822,126.97085,2026-07-29 10:56:07.0
서울4차-6433,용산구,이촌한강공원,서울특별시 용산구 이촌로72길 62,3. 공원(하천),디지털뉴딜(LG U+),공공WiFi,임대망,2022,실외,37.517822,126.97085,2026-07-29 10:56:07.0
서울4차-6434,용산구,이촌한강공원,서울특별시 용산구 이촌로72길 62,3. 공원(하천),디지털뉴딜(LG U+),공공WiFi,임대망,2022,실외,37.52182,126.95959,2026-07-29 10:56:07.0
서울4차-6435,용산구,이촌한강공원,서울특별시 용산구 이촌로72길 62,3. 공원(하천),디지털뉴딜(LG U+),공공WiFi,임대망,2022,실외,37.517822,126.97085,2026-07-29 10:56:07.0
서울4차-6436,용산구,이촌한강공원,서울특별시 용산구 이촌로72길 62,3. 공원(하천),디지털뉴딜(LG U+),공공WiFi,임대망,2022,실외,37.517822,126.97085,2026-07-29 10:56:07.0
서울4차-6437,용산구,이촌한강공원,서울특별시 용산구 이촌로72길 62,3. 공원(하천),디지털뉴딜(LG U+),공공WiFi,임대망,2022,실외,37.517822,126.97085,2026-07-29 10:56:07.0
서울4차-6438,용산구,이촌한강공원,서울특별시 용산구 이촌로72길 62,3. 공원(하천),디지털뉴딜(LG U+),공공WiFi,임대망,2022,실외,37.517822,126.97085,2026-07-29 10:56:07.0
서울4차-6730,용산구,"용산역사박물관1,2층,옥상",서울특별시 용산구 한강대로14길 35-29,4. 문화관광,디지털뉴딜(LG U+),공공WiFi,임대망,2022,실내,37.52564,126.96584,2026-07-29 10:56:07.0
서울5차-0159,용산구,꿈나무종합타운,서울특별시 용산구 백범로 329,6-4. 복지 - 아동청소년,디지털뉴딜(LG U+),,임대망,2023,실내,37.53849,126.96533,2026-07-29 10:56:08.0
서울5차-0159-1,용산구,꿈나무종합타운,서울특별시 용산구 백범로 329,6-4. 복지 - 아동청소년,디지털뉴딜(LG U+),,임대망,2023,실내,37.53849,126.96533,2026-07-29 10:56:08.0
서울5차-0160,용산구,꿈나무종합타운,서울특별시 용산구 백범로 329,6-4. 복지 - 아동청소년,디지털뉴딜(LG U+),,임대망,2023,실내,37.53849,126.96533,2026-07-29 10:56:08.0
서울5차-0161,용산구,꿈나무종합타운,서울특별시 용산구 백범로 329,6-4. 복지 - 아동청소년,디지털뉴딜(LG U+),,임대망,2023,실내,37.53849,126.96533,2026-07-29 10:56:08.0
서울5차-0162,용산구,꿈나무종합타운,서울특별시 용산구 백범로 329,6-4. 복지 - 아동청소년,디지털뉴딜(LG U+),,임대망,2023,실내,37.538807,126.96536,2026-07-29 10:56:08.0
서울5차-0162-1,용산구,꿈나무종합타운,서울특별시 용산구 백범로 329,6-4. 복지 - 아동청소년,디지털뉴딜(LG U+),,임대망,2023,실내,37.538807,126.96536,2026-07-29 10:56:08.0
서울5차-0162-2,용산구,꿈나무종합타운,서울특별시 용산구 백범로 329,6-4. 복지 - 아동청소년,디지털뉴딜(LG U+),,임대망,2023,실내,37.538807,126.96536,2026-07-29 10:56:08.0
서울5차-0163,용산구,꿈나무종합타운,서울특별시 용산구 백범로 329,6-4. 복지 - 아동청소년,디지털뉴딜(LG U+),,임대망,2023,실내,37.538807,126.96536,2026-07-29 10:56:08.0
서울5차-0163-1,용산구,꿈나무종합타운,서울특별시 용산구 백범로 329,6-4. 복지 - 아동청소년,디지털뉴딜(LG U+),,임대망,2023,실내,37.538807,126.96536,2026-07-29 10:56:08.0
서울5차-0164,용산구,청파도서관,서울특별시 용산구 청파로93길 27,4. 문화관광,디지털뉴딜(LG U+),,임대망,2023,실내,37.55394,126.967606,2026-07-29 10:56:08.0
서울5차-0164-1,용산구,청파도서관,서울특별시 용산구 청파로93길 27,4. 문화관광,디지털뉴딜(LG U+),,임대망,2023,실내,37.55394,126.967606,2026-07-29 10:56:08.0
서울5차-0165,용산구,용산구사회적경제지원센터,서울특별시 용산구 독서당로 46,7-4. 공공 - 경제/커뮤니티,디지털뉴딜(LG U+),,임대망,2023,실내,37.532505,127.00739,2026-07-29 10:56:08.0
서울5차-0165-1,용산구,용산구사회적경제지원센터,서울특별시 용산구 독서당로 46,7-4. 공공 - 경제/커뮤니티,디지털뉴딜(LG U+),,임대망,2023,실내,37.532505,127.00739,2026-07-29 10:56:08.0
서울5차-0165-2,용산구,용산구사회적경제지원센터,서울특별시 용산구 독서당로 46,7-4. 공공 - 경제/커뮤니티,디지털뉴딜(LG U+),,임대망,2023,실내,37.532505,127.00739,2026-07-29 10:56:08.0
서울5차-0166,용산구,후암이음센터,서울특별시 용산구 후암동 406-51,4. 문화관광,디지털뉴딜(LG U+),,임대망,2023,실내,37.54754,126.98333,2026-07-29 10:56:08.0
서울5차-0167,용산구,후암이음센터,서울특별시 용산구 후암동 406-51,4. 문화관광,디지털뉴딜(LG U+),,임대망,2023,실내,37.547607,126.98334,2026-07-29 10:56:08.0
서울5차-0168,용산구,후암이음센터,서울특별시 용산구 후암동 406-51,4. 문화관광,디지털뉴딜(LG U+),,임대망,2023,실내,37.54761,126.98334,2026-07-29 10:56:08.0
서울5차-0169,용산구,후암이음센터,서울특별시 용산구 후암동 406-51,4. 문화관광,디지털뉴딜(LG U+),,임대망,2023,실내,37.547607,126.98334,2026-07-29 10:56:08.0
서울5차-0821,용산구,도원어린이공원,서울특별시 용산구 도원동 21,3. 공원(하천),디지털뉴딜(LG U+),,임대망,2023,실외,37.537422,126.95486,2026-07-29 10:56:08.0
서울5차-0822,용산구,신흥시장,서울특별시 용산구 신흥로 95-9,2. 전통시장,디지털뉴딜(LG U+),,임대망,2023,실내,37.54535,126.98503,2026-07-29 10:56:08.0
서울5차-0823,용산구,신흥시장,서울특별시 용산구 신흥로 95-9,2. 전통시장,디지털뉴딜(LG U+),,임대망,2023,실내,37.544994,126.98509,2026-07-29 10:56:08.0
서울5차-0824,용산구,신계역사공원,서울특별시 용산구 신계동 55,3. 공원(하천),디지털뉴딜(LG U+),,임대망,2023,실외,37.53499,126.96672,2026-07-29 10:56:08.0
서울5차-0825,용산구,신계역사공원,서울특별시 용산구 신계동 55,3. 공원(하천),디지털뉴딜(LG U+),,임대망,2023,실외,37.535038,126.96587,2026-07-29 10:56:08.0
서울5차-0826,용산구,신계역사공원,서울특별시 용산구 신계동 55,3. 공원(하천),디지털뉴딜(LG U+),,임대망,2023,실외,37.53587,126.96605,2026-07-29 10:56:08.0
서울5차-0827,용산구,신계역사공원,서울특별시 용산구 신계동 55,3. 공원(하천),디지털뉴딜(LG U+),,임대망,2023,실외,37.535927,126.96672,2026-07-29 10:56:08.0
서울5차-0828,용산구,신계역사공원,서울특별시 용산구 신계동 55,3. 공원(하천),디지털뉴딜(LG U+),,임대망,2023,실외,37.5359,126.96714,2026-07-29 10:56:08.0
서울5차-0829,용산구,신계역사공원,서울특별시 용산구 신계동 55,3. 공원(하천),디지털뉴딜(LG U+),,임대망,2023,실외,37.535034,126.96702,2026-07-29 10:56:08.0
서울5차-0830,용산구,시립용산노인종합복지관,서울특별시 용산구 독서당로11길 16,6-1. 복지 - 사회,디지털뉴딜(LG U+),,임대망,2023,실내,37.531376,127.00655,2026-07-29 10:56:08.0
서울5차-0830-1,용산구,시립용산노인종합복지관,서울특별시 용산구 독서당로11길 16,6-1. 복지 - 사회,디지털뉴딜(LG U+),,임대망,2023,실내,37.531376,127.00655,2026-07-29 10:56:08.0
서울5차-0830-2,용산구,시립용산노인종합복지관,서울특별시 용산구 독서당로11길 16,6-1. 복지 - 사회,디지털뉴딜(LG U+),,임대망,2023,실내,37.531376,127.00655,2026-07-29 10:56:08.0
서울5차-0831,용산구,시립용산노인종합복지관,서울특별시 용산구 독서당로11길 16,6-1. 복지 - 사회,디지털뉴딜(LG U+),,임대망,2023,실내,37.53137,127.00631,2026-07-29 10:56:08.0
서울5차-0831-1,용산구,시립용산노인종합복지관,서울특별시 용산구 독서당로11길 16,6-1. 복지 - 사회,디지털뉴딜(LG U+),,임대망,2023,실내,37.53137,127.00631,2026-07-29 10:56:08.0
서울5차-0831-2,용산구,시립용산노인종합복지관,서울특별시 용산구 독서당로11길 16,6-1. 복지 - 사회,디지털뉴딜(LG U+),,임대망,2023,실내,37.53137,127.00631,2026-07-29 10:56:08.0
