id,shelter_name,address,lat,lng,domain,category
400142,[한파쉼터] 한파쉼터_142,서울특별시 용산구 후암로 32-6  (후암동),37.5486923,126.9781405,smart_shelter,heating_shelter
400143,[한파쉼터] 한파쉼터_143,서울특별시 용산구 후암로13가길 25,37.5481297,126.976385,smart_shelter,heating_shelter
400144,[한파쉼터] 한파쉼터_144,서울특별시 용산구 신흥로 90  (용산동2가),37.5459639,126.9855058,smart_shelter,heating_shelter
400145,[한파쉼터] 한파쉼터_145,서울특별시 용산구 신흥로3가길 21-7,37.5410043,126.984648,smart_shelter,heating_shelter
400146,[한파쉼터] 한파쉼터_146,서울특별시 용산구 두텁바위로 25  (갈월동),37.5457597,126.9748896,smart_shelter,heating_shelter
400147,[한파쉼터] 한파쉼터_147,서울특별시 용산구 한강대로84길 21-13  (남영동),37.5443051,126.9734976,smart_shelter,heating_shelter
400148,[한파쉼터] 한파쉼터_148,서울특별시 용산구 한강대로72길 21-15  (남영동),37.5412825,126.9743835,smart_shelter,heating_shelter
400149,[한파쉼터] 한파쉼터_149,서울특별시 용산구 원효로97길 30,37.542145,126.968955,smart_shelter,heating_shelter
400150,[한파쉼터] 한파쉼터_150,서울특별시 용산구 청파로83길 26,37.5519748,126.967693,smart_shelter,heating_shelter
400151,[한파쉼터] 한파쉼터_151,서울특별시 용산구 청파로49길 6  (청파동2가),37.545479,126.9698846,smart_shelter,heating_shelter
400152,[한파쉼터] 한파쉼터_152,서울특별시 용산구 청파로49길 34,37.5454608,126.968465,smart_shelter,heating_shelter
400153,[한파쉼터] 한파쉼터_153,서울특별시 용산구 백범로 329 (원효로1가),37.5387779,126.9652971,smart_shelter,heating_shelter
400154,[한파쉼터] 한파쉼터_154,서울특별시 용산구 백범로77길 40,37.53979,126.96552,smart_shelter,heating_shelter
400155,[한파쉼터] 한파쉼터_155,서울특별시 용산구 백범로 350  (문배동),37.5372357,126.9676262,smart_shelter,heating_shelter
400156,[한파쉼터] 한파쉼터_156,서울특별시 용산구 효창원로8길 3  (산천동),37.5343006,126.9515491,smart_shelter,heating_shelter
400157,[한파쉼터] 한파쉼터_157,서울특별시 용산구 원효로41가길 14-19,37.5347983,126.956884,smart_shelter,heating_shelter
400158,[한파쉼터] 한파쉼터_158,서울특별시 용산구 효창원로 161  (효창동),37.5424761,126.9618058,smart_shelter,heating_shelter
400159,[한파쉼터] 한파쉼터_159,서울특별시 용산구 효창원로69길 8 (새마을금고),37.5418,126.961731,smart_shelter,heating_shelter
400160,[한파쉼터] 한파쉼터_160,서울특별시 용산구 새창로12길 13  (도원동),37.5389627,126.9574499,smart_shelter,heating_shelter
400161,[한파쉼터] 한파쉼터_161,서울특별시 용산구 효창원로37라길 11,37.537888,126.9581749,smart_shelter,heating_shelter
400162,[한파쉼터] 한파쉼터_162,서울특별시 용산구 한강대로38길 28  (용산동5가),37.5281193,126.9692892,smart_shelter,heating_shelter
400163,[한파쉼터] 한파쉼터_163,서울특별시 용산구 한강대로7길 17-16  (한강로3가),37.5239798,126.961256,smart_shelter,heating_shelter
400164,[한파쉼터] 한파쉼터_164,서울특별시 용산구 이촌로71길 24  (이촌동),37.5212994,126.9733286,smart_shelter,heating_shelter
400165,[한파쉼터] 한파쉼터_165,서울특별시 용산구 이촌로75길 12-12  (이촌동),37.5202528,126.974667,smart_shelter,heating_shelter
400166,[한파쉼터] 한파쉼터_166,서울특별시 용산구 이촌로18길 20  (이촌동),37.5262772,126.954647,smart_shelter,heating_shelter
400167,[한파쉼터] 한파쉼터_167,서울특별시 용산구 이촌동 398,37.5250477,126.9556636,smart_shelter,heating_shelter
400168,[한파쉼터] 한파쉼터_168,서울특별시 용산구 녹사평대로 150 (용산구종합행정타운),37.532562,126.990179,smart_shelter,heating_shelter
400169,[한파쉼터] 한파쉼터_169,서울특별시 용산구 녹사평대로 150  (이태원동),37.5324884,126.9902372,smart_shelter,heating_shelter
400170,[한파쉼터] 한파쉼터_170,서울특별시 용산구 보광로 104-6  (이태원동),37.5325054,126.9950223,smart_shelter,heating_shelter
400171,[한파쉼터] 한파쉼터_171,서울특별시 용산구 이태원로23길 19,37.5352909,126.9924493,smart_shelter,heating_shelter
400172,[한파쉼터] 한파쉼터_172,서울특별시 용산구 회나무로13길 58  (이태원동),37.5419147,126.9901192,smart_shelter,heating_shelter
400173,[한파쉼터] 한파쉼터_173,서울특별시 용산구 회나무로13길 32,37.5407394,126.98975,smart_shelter,heating_shelter
400174,[한파쉼터] 한파쉼터_174,서울특별시 용산구 독서당로11길 16,37.531341,127.0064579,smart_shelter,heating_shelter
400175,[한파쉼터] 한파쉼터_175,서울특별시 용산구 대사관로5길 1  (한남동),37.5346068,127.000553,smart_shelter,heating_shelter
400176,[한파쉼터] 한파쉼터_176,서울특별시 용산구 한남대로 48-7,37.533357,127.008431,smart_shelter,heating_shelter
400177,[한파쉼터] 한파쉼터_177,서울특별시 용산구 서빙고로 279  (서빙고동),37.5204145,126.9947219,smart_shelter,heating_shelter
400178,[한파쉼터] 한파쉼터_178,서울특별시 용산구 서빙고로75가길 23,37.522893,126.9963558,smart_shelter,heating_shelter
400179,[한파쉼터] 한파쉼터_179,서울특별시 용산구 장문로 95  (보광동),37.5262602,127.0001292,smart_shelter,heating_shelter
400180,[한파쉼터] 한파쉼터_180,서울특별시 용산구 보광로7길 9  (보광동),37.5258369,127.000553,smart_shelter,heating_shelter
450581,[무더위쉼터] 두텁바위경로당,서울특별시 용산구 두텁바위로31길 28 (오케이 어린이집),37.547584,126.980381,smart_shelter,cooling_shelter
450582,[무더위쉼터] 후암미주아파트경로당,서울특별시 용산구 후암로 71-1 (라이프미주아파트 4동),37.551465,126.975513,smart_shelter,cooling_shelter
450583,[무더위쉼터] 후암동주민센터,서울특별시 용산구 후암로 32-6,37.5486911,126.9781637,smart_shelter,cooling_shelter
450584,[무더위쉼터] 활터골경로당,서울특별시 용산구 신흥로20길 55,37.5478678,126.983983,smart_shelter,cooling_shelter
450585,[무더위쉼터] 새말경로당,서울특별시 용산구 두텁바위로58길 48 (새말경로당),37.548456,126.982963,smart_shelter,cooling_shelter
450586,[무더위쉼터] 용산2가동주민센터,서울특별시 용산구 신흥로 90,37.5459239,126.985461,smart_shelter,cooling_shelter
450587,[무더위쉼터] 용암경로당,서울특별시 용산구 신흥로3가길 21-7,37.5410043,126.984648,smart_shelter,cooling_shelter
450588,[무더위쉼터] 용산2가경로당,서울특별시 용산구 신흥로16길 18,37.5448429,126.987555,smart_shelter,cooling_shelter
450589,[무더위쉼터] 신흥경로당,서울특별시 용산구 신흥로25가길 2,37.544511,126.983238,smart_shelter,cooling_shelter
450590,[무더위쉼터] 남영동주민센터,서울특별시 용산구 두텁바위로 25,37.5457462,126.9748099,smart_shelter,cooling_shelter
450591,[무더위쉼터] 갈월경로당,서울특별시 용산구 두텁바위로1길 13,37.5456527,126.973104,smart_shelter,cooling_shelter
450592,[무더위쉼터] 남영경로당,서울특별시 용산구 한강대로72길 21-15,37.5413116,126.9743518,smart_shelter,cooling_shelter
450593,[무더위쉼터] 동자경로당,서울특별시 용산구 한강대로104길 30-4 (동자노인정),37.550116,126.973845,smart_shelter,cooling_shelter
450594,[무더위쉼터] 갈월종합사회복지관,서울특별시 용산구 두텁바위로 25,37.5457796,126.9747859,smart_shelter,cooling_shelter
450595,[무더위쉼터] 은행나무집경로당,서울특별시 용산구 청파로73길 73-10,37.551486,126.96693,smart_shelter,cooling_shelter
450596,[무더위쉼터] 용산구노동자종합지원센터,서울특별시 용산구 원효로97길 30,37.542145,126.968955,smart_shelter,cooling_shelter
450597,[무더위쉼터] 구립청파도서관,서울특별시 용산구 청파로93길 27 (청파도서관),37.553944,126.96758,smart_shelter,cooling_shelter
450598,[무더위쉼터] 청파동주민센터,서울특별시 용산구 청파로49길 6,37.5453261,126.969981,smart_shelter,cooling_shelter
450599,[무더위쉼터] 구립청파노인복지관,서울특별시 용산구 청파로83길 26,37.5519748,126.967693,smart_shelter,cooling_shelter
450600,[무더위쉼터] 청파2동경로당,서울특별시 용산구 청파로49길 34,37.5454608,126.968465,smart_shelter,cooling_shelter
450601,[무더위쉼터] 서계제1경로당,서울특별시 용산구 효창원로104길 7,37.5508025,126.964219,smart_shelter,cooling_shelter
450602,[무더위쉼터] 서계경로당,서울특별시 용산구 만리재로28길 5-22,37.5531567,126.9653096,smart_shelter,cooling_shelter
450603,[무더위쉼터] 청파1동경로당,서울특별시 용산구 청파로71길 100 (청파동1가),37.549343,126.9645712,smart_shelter,cooling_shelter
450604,[무더위쉼터] 용산꿈나무종합타운,서울특별시 용산구 백범로 329,37.538826,126.965387,smart_shelter,cooling_shelter
450605,[무더위쉼터] 원효1동경로당,서울특별시 용산구 백범로77길 40,37.539836,126.965522,smart_shelter,cooling_shelter
450606,[무더위쉼터] 효원경로당,서울특별시 용산구 원효로83길 13-4,37.540157,126.967489,smart_shelter,cooling_shelter
450607,[무더위쉼터] 원일경로당,서울특별시 용산구 원효로67길 13,37.5375578,126.963864,smart_shelter,cooling_shelter
450608,[무더위쉼터] 원효로1동주민센터,서울특별시 용산구 백범로 350,37.5372513,126.9676862,smart_shelter,cooling_shelter
450609,[무더위쉼터] 리버힐삼성아파트경로당,서울특별시 용산구 효창원로 17 (리버힐삼성아파트106동),37.535002,126.950593,smart_shelter,cooling_shelter
450610,[무더위쉼터] 세방리버하이빌아파트,서울특별시 용산구 효창원로15길 16 (세방리버하이빌),37.536181,126.954031,smart_shelter,cooling_shelter
450611,[무더위쉼터] 산천아파트경로당,"서울특별시 용산구 새창로8길 157 (한강타운 어린이집,경로당)",37.535912,126.949965,smart_shelter,cooling_shelter
450612,[무더위쉼터] 리버힐삼성임대아파트경로당,"서울특별시 용산구 효창원로13길 7 (산천동, 리버힐삼성아파트)",37.5356934,126.9520895,smart_shelter,cooling_shelter
450613,[무더위쉼터] 청심경로당,서울특별시 용산구 효창원로 6,37.5338227,126.950617,smart_shelter,cooling_shelter
450614,[무더위쉼터] 원효로경로당,서울특별시 용산구 원효로41가길 14-19,37.5347983,126.956884,smart_shelter,cooling_shelter
450615,[무더위쉼터] 원효2동주민센터,서울특별시 용산구 효창원로8길 3,37.5343838,126.9514952,smart_shelter,cooling_shelter
450616,[무더위쉼터] 효창파크푸르지오아파트경로당,서울특별시 용산구 백범로 260 (효창파크 푸르지오 106동),37.54057,126.957877,smart_shelter,cooling_shelter
450617,[무더위쉼터] 효창한신아파트경로당,서울특별시 용산구 백범로45길 9-11 (한신아파트 한신아파트경로당),37.541907,126.957638,smart_shelter,cooling_shelter
450618,[무더위쉼터] 효창종합사회복지관,서울특별시 용산구 효창동 5-65,37.541185,126.963001,smart_shelter,cooling_shelter
450619,[무더위쉼터] 효창동제1경로당,서울특별시 용산구 임정로11길 9,37.5428085,126.9585379,smart_shelter,cooling_shelter
450620,[무더위쉼터] 효창동주민센터,서울특별시 용산구 효창원로 161,37.5424679,126.9618506,smart_shelter,cooling_shelter
450621,[무더위쉼터] 효창제2경로당,"서울특별시 용산구 효창원로 146-12 (효창종합사회복지관,효창제2경로당)",37.541153,126.963104,smart_shelter,cooling_shelter
450622,[무더위쉼터] 중앙경로당,"서울특별시 용산구 새창로 102 (용문동, 중앙빌라)",37.5383119,126.9596305,smart_shelter,cooling_shelter
450623,[무더위쉼터] 송학당경로당,서울특별시 용산구 효창원로37라길 11,37.537888,126.9581749,smart_shelter,cooling_shelter
450624,[무더위쉼터] 용문동주민센터,서울특별시 용산구 새창로12길 13,37.5389418,126.9575324,smart_shelter,cooling_shelter
450625,[무더위쉼터] 한강우람경로당,서울특별시 용산구 한강대로53길 1-8 (한강로2가),37.5330307,126.9710246,smart_shelter,cooling_shelter
450626,[무더위쉼터] 삼오경로당,서울특별시 용산구 한강대로 60 (한강로3가),37.5260071,126.9652337,smart_shelter,cooling_shelter
450627,[무더위쉼터] 한강로3가경로당,서울특별시 용산구 한강대로7길 17-16 (한강로3가),37.5261,126.9604,smart_shelter,cooling_shelter
450628,[무더위쉼터] 한강로2가경로당,서울특별시 용산구 서빙고로20길 19,37.5235845,126.967739,smart_shelter,cooling_shelter
450629,[무더위쉼터] 한강로동주민센터,서울특별시 용산구 한강대로38길 28 (한강로동주민센터),37.528141,126.969243,smart_shelter,cooling_shelter
450630,[무더위쉼터] 삼각지경로당,서울특별시 용산구 이태원로2길 5,37.5346957,126.975315,smart_shelter,cooling_shelter
450631,[무더위쉼터] 한마음경로당,서울특별시 용산구 한강대로38길 37 (용산동5가),37.529,126.9706464,smart_shelter,cooling_shelter
450632,[무더위쉼터] 이촌1동2경로당,서울특별시 용산구 이촌로75길 12-12,37.5202504,126.9746613,smart_shelter,cooling_shelter
450633,[무더위쉼터] 이촌1동주민센터,서울특별시 용산구 이촌로71길 24,37.5211982,126.973057,smart_shelter,cooling_shelter
450634,[무더위쉼터] 이촌2동할머니경로당,서울특별시 용산구 이촌로2가길 122,37.525422,126.9547534,smart_shelter,cooling_shelter
450635,[무더위쉼터] 이촌2동주민센터,서울특별시 용산구 이촌로18길 20,37.5262199,126.954672,smart_shelter,cooling_shelter
450636,[무더위쉼터] 우리은행(용산구청점),서울특별시 용산구 녹사평대로 150 (용산구종합행정타운),37.532562,126.990179,smart_shelter,cooling_shelter
450637,[무더위쉼터] 용산구청(응급대피소겸용),서울특별시 용산구 녹사평대로 150  (이태원동),37.5324884,126.9902372,smart_shelter,cooling_shelter
450638,[무더위쉼터] 이태원남부경로당,서울특별시 용산구 이태원로17길 12 (대한노인회영산지부),37.534899,126.991495,smart_shelter,cooling_shelter
450639,[무더위쉼터] 이태원1동경로당,서울특별시 용산구 이태원로23길 19,37.5352909,126.9924493,smart_shelter,cooling_shelter
450640,[무더위쉼터] 이화경로당,서울특별시 용산구 이태원로16길 15-10 (이태원동),37.5336986,126.9917178,smart_shelter,cooling_shelter
450641,[무더위쉼터] 이태원1동주민센터,서울특별시 용산구 보광로 104-6,37.5324757,126.9950081,smart_shelter,cooling_shelter
450642,[무더위쉼터] 이태원중부경로당,서울특별시 용산구 회나무로6길 11-8,37.538439,126.989313,smart_shelter,cooling_shelter
450643,[무더위쉼터] 조양경로당,서울특별시 용산구 녹사평대로40나길 38-3,37.5363017,126.988892,smart_shelter,cooling_shelter
450644,[무더위쉼터] 이태원2동주민센터,서울특별시 용산구 회나무로13길 58,37.5419222,126.990147,smart_shelter,cooling_shelter
450645,[무더위쉼터] 이태원북부경로당,서울특별시 용산구 회나무로13길 32,37.5407394,126.98975,smart_shelter,cooling_shelter
450646,[무더위쉼터] 한남리버탑아파트경로당,"서울특별시 용산구 독서당로6길 16 (리버탑아파트 한남리버탑아파트경로당,관리사무소)",37.529729,127.008169,smart_shelter,cooling_shelter
450647,[무더위쉼터] 한남동제1경로당,서울특별시 용산구 한남대로 48-7,37.5333378,127.008409,smart_shelter,cooling_shelter
450648,[무더위쉼터] 한일경로당,서울특별시 용산구 이태원로54길 68-4,37.5354193,127.000862,smart_shelter,cooling_shelter
450649,[무더위쉼터] 한남힐스테이트아파트경로당,서울특별시 용산구 장문로 141 (한남힐스테이트106동),37.528461,127.003788,smart_shelter,cooling_shelter
450650,[무더위쉼터] 한남동주민센터,서울특별시 용산구 대사관로5길 1,37.5345375,127.0004574,smart_shelter,cooling_shelter
450651,[무더위쉼터] 매봉경로당,서울특별시 용산구 한남대로40길 32,37.5432775,127.0037308,smart_shelter,cooling_shelter
450652,[무더위쉼터] 서빙고할머니경로당,서울특별시 용산구 녹사평대로14길 8,37.523381,126.9938025,smart_shelter,cooling_shelter
450653,[무더위쉼터] 신동아아파트경로당(서빙고),서울특별시 용산구 이촌로 347,37.5180923,126.98739,smart_shelter,cooling_shelter
450654,[무더위쉼터] 서빙고할아버지경로당,서울특별시 용산구 서빙고로59길 3-20,37.5205369,126.9923072,smart_shelter,cooling_shelter
450655,[무더위쉼터] 서빙고동주민센터,서울특별시 용산구 서빙고로 279,37.5204716,126.994595,smart_shelter,cooling_shelter
452485,[무더위쉼터] 보광신동아아파트경로당,서울특별시 용산구 보광로 14 (신동아아파트),37.525819,127.001933,smart_shelter,cooling_shelter
452486,[무더위쉼터] 보광경로당,서울특별시 용산구 장문로19길 1 (보광경로당),37.526176,126.997587,smart_shelter,cooling_shelter
452487,[무더위쉼터] 보광제1경로당,서울특별시 용산구 보광로7길 9,37.5256075,126.998668,smart_shelter,cooling_shelter
452488,[무더위쉼터] 보광동주민센터,서울특별시 용산구 장문로 95,37.526268,127.0000867,smart_shelter,cooling_shelter
452489,[무더위쉼터] 보광종점경로당,서울특별시 용산구 장문로 95,37.5262472,127.000082,smart_shelter,cooling_shelter
452499,[무더위쉼터] 동빙고경로당,서울특별시 용산구 서빙고로75가길 23,37.522893,126.9963558,smart_shelter,cooling_shelter
452500,[무더위쉼터] 우리들경로당,서울특별시 용산구 장문로 80,37.52592,126.998423,smart_shelter,cooling_shelter
